numero_alimento,categoria,descricao,umidade,energia_kcal,energia_kj,proteina_g,lipideos_g,colesterol_mg,carboidrato_g,fibra_g,cinzas_g,calcio_mg,magnesio_mg,manganes_mg,fosforo_mg,ferro_mg,sodio_mg,potassio_mg,cobre_mg,zinco_mg,retinol_mcg,re_mcg,rae_mcg,tiamina_mg,riboflavina_mg,piridoxina_mg,niacina_mg,vitamina_c_mg,PCA1,PCA2,Cluster,Refeicoes
1,Cereais e derivados,"Arroz, integral, cozido",70.1,124.0,517.0,2.6,1.0,0.0,25.8,2.7,0.5,5.0,59.0,0.63,106.0,0.3,1.0,75.0,0.02,0.7,0.0,0.0,0.0,0.08,0.0,0.08,0.0,0.0,-1.0903967344646146,0.3084731476760428,0,Café da Manhã|Almoço|Jantar
3,Cereais e derivados,"Arroz, tipo 1, cozido",69.1,128.0,537.0,2.5,0.2,0.0,28.1,1.6,0.1,4.0,2.0,0.3,18.0,0.1,1.0,15.0,0.02,0.5,0.0,0.0,0.0,0.0,0.0,0.0,0.0,0.0,-1.629570137133998,0.7108314238571963,0,Café da Manhã|Almoço|Jantar
5,Cereais e derivados,"Arroz, tipo 2, cozido",68.7,130.0,544.0,2.6,0.4,0.0,28.2,1.1,0.1,3.0,6.0,0.37,22.0,0.1,2.0,20.0,0.04,0.5,0.0,0.0,0.0,0.0,0.0,0.0,0.0,0.0,-1.5886735266239205,0.6931424844906866,0,Café da Manhã|Almoço|Jantar
8,Cereais e derivados,"Biscoito, doce, maisena",3.2,443.0,1853.0,8.1,12.0,0.0,75.2,2.1,1.5,54.0,37.0,0.78,166.0,1.8,352.0,142.0,0.17,1.0,0.0,0.0,0.0,1.01,0.42,0.23,3.91,6.2,1.8258346737180409,-1.8243198868782728,1,Café da Manhã|Almoço|Jantar|Merenda
9,Cereais e derivados,"Biscoito, doce, recheado com chocolate",2.2,472.0,1974.0,6.4,19.6,0.0,70.5,3.0,1.3,27.0,48.0,0.59,139.0,2.3,239.0,232.0,0.27,1.0,0.0,0.0,0.0,0.32,0.39,0.46,2.52,3.5,1.702407069156309,-1.8970648801353247,1,Café da Manhã|Almoço|Jantar|Merenda
10,Cereais e derivados,"Biscoito, doce, recheado com morango",2.7,471.0,1971.0,5.7,19.6,0.0,71.0,1.5,1.0,36.0,27.0,0.66,138.0,1.5,230.0,113.0,0.13,0.7,0.0,0.0,0.0,0.9,0.42,0.21,1.5,0.0,1.54390261781315,-1.8292669633540808,1,Café da Manhã|Almoço|Jantar|Merenda
11,Cereais e derivados,"Biscoito, doce, wafer, recheado de chocolate",1.2,502.0,2102.0,5.6,24.7,0.0,67.5,1.8,1.1,23.0,48.0,0.44,124.0,2.4,137.0,240.0,0.26,0.9,0.0,0.0,0.0,0.37,0.03,0.3,1.12,0.0,1.1503779289221294,-2.198713864380404,1,Café da Manhã|Almoço|Jantar|Merenda
12,Cereais e derivados,"Biscoito, doce, wafer, recheado de morango",1.2,513.0,2148.0,4.5,26.4,1.0,67.4,0.8,0.6,14.0,19.0,0.28,73.0,1.1,120.0,75.0,0.08,0.5,0.0,0.0,0.0,0.36,0.0,0.94,0.37,0.0,0.8548701769658567,-2.2741367053330603,1,Café da Manhã|Almoço|Jantar|Merenda
13,Cereais e derivados,"Biscoito, salgado, cream cracker",4.1,432.0,1806.0,10.1,14.4,0.0,68.7,2.5,2.7,20.0,40.0,0.69,148.0,2.2,854.0,181.0,0.18,1.1,0.0,0.0,0.0,0.71,0.13,0.17,7.14,0.0,1.464470202689465,-1.881260972891977,1,Café da Manhã|Almoço|Jantar|Merenda
14,Cereais e derivados,"Bolo, mistura para",1.0,419.0,1752.0,6.2,6.1,0.0,84.7,1.7,2.0,59.0,28.0,0.46,333.0,1.2,463.0,75.0,0.15,0.6,0.0,0.0,0.0,0.18,0.0,1.5,1.52,0.0,1.2772686307637884,-2.233549273439717,1,Café da Manhã|Almoço|Jantar
15,Cereais e derivados,"Bolo, pronto, aipim",34.1,324.0,1355.0,4.4,12.7,73.0,47.9,0.7,0.8,85.0,10.0,0.11,122.0,0.5,111.0,135.0,0.05,0.4,0.0,0.0,0.0,0.13,0.07,0.0,0.0,0.0,-0.2159484412404342,-0.5089284781454516,1,Café da Manhã|Almoço|Jantar
16,Cereais e derivados,"Bolo, pronto, chocolate",19.3,410.0,1715.0,6.2,18.5,77.0,54.7,1.4,1.3,75.0,28.0,0.38,197.0,2.1,283.0,212.0,0.05,0.7,0.0,0.0,0.0,0.13,0.09,0.05,0.0,0.0,0.5817942659591946,-1.2663004420029809,1,Café da Manhã|Almoço|Jantar
17,Cereais e derivados,"Bolo, pronto, coco",29.3,333.0,1395.0,5.7,11.3,63.0,52.3,1.1,1.4,57.0,16.0,0.4,303.0,0.8,190.0,143.0,0.09,0.7,0.0,0.0,0.0,0.15,0.06,0.0,0.0,0.0,0.2092719892455763,-0.7800681879615219,1,Café da Manhã|Almoço|Jantar
18,Cereais e derivados,"Bolo, pronto, milho",36.7,311.0,1303.0,4.8,12.4,82.0,45.1,0.7,1.0,83.0,10.0,0.11,128.0,0.7,134.0,118.0,0.04,0.4,57.0,0.0,0.0,0.11,0.05,0.0,0.0,0.0,-0.2608439698011845,-0.3984508551308139,1,Café da Manhã|Almoço|Jantar
20,Cereais e derivados,"Canjica, com leite integral",72.5,112.0,471.0,2.4,1.2,1.0,23.6,1.2,0.3,43.0,6.0,0.02,41.0,0.1,28.0,70.0,0.03,0.3,0.0,0.0,0.0,0.0,0.04,0.0,0.0,0.0,-1.6272722228341594,0.8580464549512307,0,Café da Manhã|Almoço|Jantar
21,Cereais e derivados,"Cereais, milho, flocos, com sal",9.3,370.0,1546.0,7.3,1.6,0.0,80.8,5.3,1.0,2.0,20.0,0.0,91.0,0.5,272.0,69.0,0.0,0.6,0.0,0.0,0.0,0.12,0.0,0.06,0.0,0.0,0.0154814460848267,-1.3534890645480728,1,Café da Manhã|Almoço|Jantar
22,Cereais e derivados,"Cereais, milho, flocos, sem sal",11.2,363.0,1520.0,6.9,1.2,0.0,80.4,1.8,0.3,2.0,17.0,0.0,58.0,1.7,31.0,29.0,0.24,0.3,0.0,0.0,0.0,0.05,0.0,0.04,0.0,0.0,-0.0794748748003251,-1.0689099936190447,1,Café da Manhã|Almoço|Jantar
23,Cereais e derivados,"Cereais, mingau, milho, infantil",4.7,394.0,1650.0,6.4,1.1,0.0,87.3,3.2,0.5,219.0,16.0,0.11,169.0,3.0,399.0,82.0,0.04,0.4,21.0,0.0,0.0,3.72,0.47,5.08,24.16,109.4,5.068113365437242,-3.791734152966667,3,Café da Manhã|Almoço|Jantar
24,Cereais e derivados,"Cereais, mistura para vitamina, trigo, cevada e aveia",4.4,381.0,1595.0,8.9,2.1,0.0,81.6,5.0,3.0,584.0,72.0,2.28,515.0,12.6,1163.0,244.0,0.21,2.0,0.0,0.0,0.0,0.76,0.88,1.49,7.46,13.1,4.669076485527719,-2.749822897722276,1,Café da Manhã|Almoço|Jantar
25,Cereais e derivados,"Cereal matinal, milho",5.5,365.0,1529.0,7.2,1.0,0.0,83.8,4.1,2.5,143.0,11.0,0.06,101.0,3.1,655.0,83.0,0.06,7.6,0.0,31.0,15.0,0.76,1.02,2.25,11.04,17.3,3.74882213884927,-1.753049399469961,1,Café da Manhã|Almoço|Jantar
26,Cereais e derivados,"Cereal matinal, milho, açúcar",4.3,377.0,1576.0,4.7,0.7,0.0,88.8,2.1,1.5,56.0,8.0,0.13,43.0,3.9,405.0,52.0,0.04,8.5,0.0,31.0,15.0,0.73,1.11,0.79,10.13,14.6,3.2470318725275225,-1.2072144841348451,1,Café da Manhã|Almoço|Jantar
27,Cereais e derivados,"Creme de arroz, pó",7.3,386.0,1615.0,7.0,1.2,0.0,83.9,1.1,0.5,7.0,51.0,1.24,153.0,0.6,1.0,115.0,0.04,1.9,0.0,0.0,0.0,0.22,0.0,0.05,0.0,0.0,0.5637446438487147,-1.6890282617719772,1,Café da Manhã|Almoço|Jantar
28,Cereais e derivados,"Creme de milho, pó",5.7,333.0,1393.0,4.8,1.6,0.0,86.1,3.7,1.7,323.0,30.0,0.2,303.0,4.3,594.0,166.0,0.04,0.8,0.0,0.0,0.0,0.74,0.0,2.05,0.0,96.3,1.5514393447081587,-2.434654613741265,1,Café da Manhã|Almoço|Jantar
29,Cereais e derivados,"Curau, milho verde",81.6,78.0,328.0,2.4,1.6,5.0,13.9,0.5,0.5,53.0,16.0,0.06,75.0,0.4,21.0,162.0,0.03,0.4,12.0,20.0,16.0,0.04,0.07,0.0,0.0,0.0,-1.6181968477477109,1.106990624323907,0,Café da Manhã|Almoço|Jantar
30,Cereais e derivados,"Curau, milho verde, mistura para",3.9,402.0,1683.0,2.2,13.4,0.0,79.8,2.5,0.7,31.0,9.0,0.05,45.0,0.9,223.0,55.0,0.03,0.2,0.0,0.0,0.0,0.13,0.0,0.0,0.0,0.0,-0.0524495632841891,-1.4631018495629868,1,Café da Manhã|Almoço|Jantar
31,Cereais e derivados,"Farinha, de arroz, enriquecida",12.7,363.0,1519.0,1.3,0.3,0.0,85.5,0.6,0.2,1.0,4.0,0.04,36.0,31.4,17.0,13.0,0.0,8.5,0.0,0.0,0.0,3.23,0.0,3.47,24.42,173.6,4.936235297931396,-3.907105099440196,3,Café da Manhã|Almoço|Jantar
32,Cereais e derivados,"Farinha, de centeio, integral",10.8,336.0,1405.0,12.5,1.8,0.0,73.3,15.5,1.7,34.0,120.0,3.86,340.0,4.7,41.0,334.0,0.56,2.7,0.0,0.0,0.0,0.29,0.03,0.08,0.0,0.0,2.3717733434350308,-2.5988794667306463,1,Café da Manhã|Almoço|Jantar
33,Cereais e derivados,"Farinha, de milho, amarela",11.8,351.0,1467.0,7.2,1.5,0.0,79.1,5.5,0.5,1.0,31.0,0.0,84.0,2.3,45.0,58.0,0.27,0.6,0.0,18.0,9.0,0.25,0.0,0.25,0.0,0.0,0.3049405822958281,-1.3313675168594243,1,Café da Manhã|Almoço|Jantar
34,Cereais e derivados,"Farinha, de rosca",9.8,371.0,1550.0,11.4,1.5,0.0,75.8,4.8,1.6,35.0,57.0,1.62,195.0,6.7,333.0,212.0,0.26,1.7,0.0,0.0,0.0,0.25,0.0,0.09,0.0,0.0,1.1592590437430723,-1.88379536418758,1,Café da Manhã|Almoço|Jantar
35,Cereais e derivados,"Farinha, de trigo",13.0,360.0,1508.0,9.8,1.4,0.0,75.1,2.3,0.8,18.0,31.0,0.46,115.0,1.0,1.0,151.0,0.15,0.8,0.0,0.0,0.0,0.31,0.0,0.0,0.89,0.0,0.2722249485726949,-1.2675416599675473,1,Café da Manhã|Almoço|Jantar
36,Cereais e derivados,"Farinha, láctea, de cereais",2.7,415.0,1736.0,11.9,5.8,11.0,77.8,1.9,1.9,196.0,58.0,1.49,296.0,8.7,125.0,366.0,0.19,1.7,492.0,0.0,0.0,1.43,1.13,1.14,9.5,24.3,4.469931210528768,-1.8455306167884509,1,Café da Manhã|Almoço|Jantar
37,Cereais e derivados,"Lasanha, massa fresca, cozida",59.6,164.0,685.0,5.8,1.2,0.0,32.5,1.6,0.9,10.0,4.0,0.2,42.0,1.2,207.0,54.0,0.07,0.4,0.0,0.0,0.0,0.04,0.0,0.0,3.96,0.0,-1.0988991948079043,0.4204827206310249,0,Café da Manhã|Almoço|Jantar
39,Cereais e derivados,"Macarrão, instantâneo",6.0,436.0,1824.0,8.8,17.2,0.0,62.4,5.6,5.6,18.0,19.0,0.25,112.0,0.8,1516.0,148.0,0.1,0.5,0.0,0.0,0.0,1.18,0.04,0.53,9.37,0.0,1.4196805973007436,-2.0807211432932085,1,Café da Manhã|Almoço|Jantar
45,Cereais e derivados,"Milho, verde, enlatado, drenado",76.2,98.0,408.0,3.2,2.4,0.0,17.1,4.6,1.1,2.0,20.0,0.09,61.0,0.6,260.0,162.0,0.05,0.5,0.0,48.0,24.0,0.0,0.05,0.0,3.74,1.7,-1.271566358153278,0.8269221539161729,0,Café da Manhã|Almoço|Jantar
46,Cereais e derivados,"Mingau tradicional, pó",8.1,373.0,1562.0,0.6,0.4,0.0,89.3,0.9,1.6,522.0,4.0,0.0,273.0,42.0,15.0,0.0,0.0,15.2,1533.0,0.0,0.0,3.41,0.0,3.11,19.39,0.0,7.304752795007798,-4.223179001377505,3,Café da Manhã|Almoço|Jantar
47,Cereais e derivados,"Pamonha, barra para cozimento, pré-cozida",61.3,171.0,716.0,2.6,4.8,0.0,30.7,2.4,0.6,4.0,15.0,0.12,55.0,0.4,132.0,125.0,0.03,0.4,0.0,0.0,0.0,0.0,0.0,0.0,0.0,0.0,-1.301503466824837,0.3408092808060299,0,Café da Manhã|Almoço|Jantar|Merenda
48,Cereais e derivados,"Pão, aveia, forma",19.9,343.0,1435.0,12.4,5.7,0.0,59.6,6.0,2.5,109.0,57.0,1.08,182.0,4.7,606.0,210.0,0.14,1.7,0.0,0.0,0.0,0.09,0.03,0.08,0.0,0.0,0.853278217782659,-1.5487492578284976,1,Café da Manhã|Almoço|Jantar
49,Cereais e derivados,"Pão, de soja",26.0,309.0,1292.0,11.3,3.6,0.0,56.5,5.7,2.5,90.0,48.0,0.57,153.0,3.3,663.0,296.0,0.16,1.5,0.0,0.0,0.0,0.07,0.04,0.79,0.0,0.0,0.6767687074252492,-1.3561014409845016,1,Café da Manhã|Almoço|Jantar
50,Cereais e derivados,"Pão, glúten, forma",40.7,253.0,1059.0,12.0,2.7,0.0,44.1,2.5,0.5,156.0,24.0,0.51,105.0,5.7,22.0,65.0,0.06,1.3,0.0,0.0,0.0,0.04,0.03,0.0,0.0,0.0,-0.0824537367383105,-0.5451481798218986,1,Café da Manhã|Almoço|Jantar
51,Cereais e derivados,"Pão, milho, forma",30.4,292.0,1222.0,8.3,3.1,6.0,56.4,4.3,1.8,78.0,29.0,0.37,110.0,3.0,507.0,89.0,0.1,0.8,0.0,0.0,0.0,0.08,0.0,0.08,0.0,0.0,-0.0655792876245392,-0.8519813417645659,1,Café da Manhã|Almoço|Jantar
52,Cereais e derivados,"Pão, trigo, forma, integral",34.7,253.0,1059.0,9.4,3.7,0.0,49.9,6.9,2.3,132.0,60.0,1.62,193.0,3.0,506.0,163.0,0.15,1.6,0.0,0.0,0.0,0.08,0.04,0.15,0.0,0.0,0.5251353329470164,-1.106547441147092,1,Café da Manhã|Almoço|Jantar
53,Cereais e derivados,"Pão, trigo, francês",28.5,300.0,1254.0,8.0,3.1,0.0,58.6,2.3,1.8,16.0,25.0,0.46,95.0,1.0,648.0,142.0,0.13,0.8,3.0,0.0,0.0,0.39,0.67,0.6,2.34,0.0,1.0116078192599889,-0.5047688542918323,1,Café da Manhã|Almoço|Jantar
54,Cereais e derivados,"Pão, trigo, sovado",25.8,311.0,1301.0,8.4,2.8,17.0,61.5,2.4,1.5,52.0,22.0,0.31,101.0,2.3,431.0,91.0,0.0,2.7,0.0,0.0,0.0,0.08,0.04,0.15,0.0,0.0,0.1198220091586342,-0.9235462035798566,1,Café da Manhã|Almoço|Jantar
56,Cereais e derivados,"Pastel, de carne, frito",22.9,388.0,1625.0,10.1,20.1,25.0,43.8,1.0,3.1,13.0,14.0,0.22,90.0,2.5,1040.0,156.0,0.12,1.2,0.0,0.0,0.0,0.06,0.05,0.0,1.83,0.0,0.2414410907811473,-0.9924992444583072,1,Café da Manhã|Almoço|Jantar
58,Cereais e derivados,"Pastel, de queijo, frito",17.5,422.0,1766.0,8.7,22.7,15.0,48.1,0.9,2.9,126.0,15.0,0.2,124.0,1.3,821.0,124.0,0.1,0.8,18.0,0.0,0.0,0.09,0.04,0.0,0.0,0.0,0.329784805135336,-1.277643512024763,1,Café da Manhã|Almoço|Jantar
60,Cereais e derivados,"Pastel, massa, frita",1.0,570.0,2384.0,6.0,40.9,0.0,49.3,1.3,2.8,11.0,13.0,0.36,62.0,1.4,1175.0,143.0,0.08,0.5,0.0,0.0,0.0,0.16,0.0,0.0,0.0,0.0,0.6426299516462346,-2.143597260250368,1,Café da Manhã|Almoço|Jantar
61,Cereais e derivados,"Pipoca, com óleo de soja, sem sal",2.8,448.0,1876.0,9.9,15.9,0.0,70.3,14.3,1.0,3.0,91.0,0.65,225.0,1.2,4.0,256.0,0.46,2.0,0.0,0.0,0.0,0.03,0.03,0.0,0.0,0.0,1.591047369131755,-2.343954266391896,1,Café da Manhã|Almoço|Jantar
62,Cereais e derivados,"Polenta, pré-cozida",72.7,103.0,430.0,2.3,0.3,0.0,23.3,2.4,1.4,1.0,4.0,0.0,17.0,0.0,442.0,100.0,0.04,0.1,0.0,0.0,0.0,0.04,0.0,0.0,0.0,0.0,-1.7735355285818633,0.8752757432688247,0,Café da Manhã|Almoço|Jantar
63,Cereais e derivados,"Torrada, pão francês",9.0,377.0,1579.0,10.5,3.3,0.0,74.6,3.4,2.6,19.0,32.0,0.55,114.0,1.2,829.0,189.0,0.16,0.9,0.0,0.0,0.0,0.38,0.0,0.0,0.0,0.0,0.4133165681446992,-1.460479951591266,1,Café da Manhã|Almoço|Jantar
64,"Verduras, hortaliças e derivados","Abóbora, cabotian, cozida",86.4,48.0,201.0,1.4,0.7,0.0,10.8,2.5,0.7,8.0,9.0,0.26,33.0,0.3,1.0,199.0,0.06,0.3,0.0,0.0,0.0,0.08,0.0,0.07,0.0,7.5,-1.898503327888668,1.1742487937869486,0,Almoço|Jantar
68,"Verduras, hortaliças e derivados","Abóbora, moranga, refogada",92.5,29.0,121.0,0.4,0.8,0.0,6.0,1.5,0.4,19.0,7.0,0.02,12.0,0.1,3.0,183.0,0.04,0.1,0.0,95.0,48.0,0.05,0.0,0.05,0.0,6.7,-2.114395107074352,1.4949514278090883,0,Almoço|Jantar
70,"Verduras, hortaliças e derivados","Abobrinha, italiana, cozida",95.3,15.0,63.0,1.1,0.2,0.0,3.0,1.6,0.4,17.0,17.0,0.11,22.0,0.2,1.0,126.0,0.01,0.3,0.0,0.0,0.0,0.05,0.0,0.06,0.0,2.1,-2.134215137196216,1.443680221819808,0,Almoço|Jantar
72,"Verduras, hortaliças e derivados","Abobrinha, italiana, refogada",93.5,24.0,102.0,1.1,0.8,0.0,4.2,1.4,0.4,21.0,13.0,0.14,32.0,0.4,2.0,194.0,0.02,0.3,0.0,42.0,21.0,0.04,0.0,0.0,0.0,7.5,-2.082085287040451,1.444838311376387,0,Almoço|Jantar
85,"Verduras, hortaliças e derivados","Almeirão, refogado",86.5,65.0,272.0,1.7,4.8,0.0,5.7,3.4,1.2,63.0,17.0,0.28,31.0,1.6,15.0,315.0,0.06,0.2,0.0,0.0,0.0,0.03,0.06,0.05,4.03,1.5,-1.4347433559591634,1.0354075701135248,0,Almoço|Jantar
86,"Verduras, hortaliças e derivados","Batata, baroa, cozida",79.3,80.0,335.0,0.9,0.2,0.0,18.9,1.8,0.8,12.0,8.0,0.22,29.0,0.4,2.0,258.0,0.15,0.4,0.0,0.0,0.0,0.06,0.0,0.0,1.98,17.1,-1.661688302787613,1.0296991664826918,0,Almoço|Jantar
88,"Verduras, hortaliças e derivados","Batata, doce, cozida",80.4,77.0,321.0,0.6,0.1,0.0,18.4,2.2,0.4,17.0,11.0,0.14,15.0,0.2,3.0,148.0,0.06,0.1,0.0,0.0,0.0,0.08,0.0,0.05,2.57,23.8,-1.7223638230502272,1.010234753231296,0,Almoço|Jantar
90,"Verduras, hortaliças e derivados","Batata, frita, tipo chips, industrializada",2.7,543.0,2271.0,5.6,36.6,0.0,51.2,2.5,3.9,12.0,24.0,0.23,96.0,0.7,607.0,1014.0,0.12,0.6,0.0,0.0,0.0,0.2,0.0,0.13,2.61,0.0,0.8679317383716115,-2.147859595412768,1,Almoço|Jantar
91,"Verduras, hortaliças e derivados","Batata, inglesa, cozida",86.4,52.0,216.0,1.2,0.0,0.0,11.9,1.3,0.5,4.0,5.0,0.07,24.0,0.2,2.0,161.0,0.06,0.2,0.0,0.0,0.0,0.05,0.0,0.08,0.0,3.8,-2.0057743422290795,1.2596070726097195,0,Almoço|Jantar
93,"Verduras, hortaliças e derivados","Batata, inglesa, frita",44.1,267.0,1118.0,5.0,13.1,0.0,35.6,8.1,2.2,6.0,14.0,0.15,70.0,0.4,2.0,489.0,0.1,0.4,0.0,0.0,0.0,0.17,0.0,0.1,2.51,16.3,-0.4026028096577171,-0.5256981524587534,0,Almoço|Jantar
94,"Verduras, hortaliças e derivados","Batata, inglesa, sauté",83.1,68.0,284.0,1.3,0.9,0.0,14.1,1.4,0.6,4.0,6.0,0.08,32.0,0.3,8.0,199.0,0.05,0.2,0.0,0.0,0.0,0.07,0.0,0.09,1.38,0.0,-1.826394192307838,1.1153391281097893,0,Almoço|Jantar
95,"Verduras, hortaliças e derivados","Berinjela, cozida",94.4,19.0,79.0,0.7,0.1,0.0,4.5,2.5,0.3,11.0,9.0,0.11,15.0,0.2,1.0,105.0,0.04,0.1,0.0,0.0,0.0,0.04,0.0,0.0,0.0,0.0,-2.1803697158994546,1.4622979540634466,0,Almoço|Jantar
97,"Verduras, hortaliças e derivados","Beterraba, cozida",90.6,32.0,135.0,1.3,0.1,0.0,7.2,1.9,0.8,15.0,17.0,0.19,30.0,0.2,23.0,245.0,0.04,0.4,0.0,0.0,0.0,0.09,0.0,0.0,0.0,1.2,-1.9879075471941865,1.2991287086463534,0,Almoço|Jantar
99,"Verduras, hortaliças e derivados","Biscoito, polvilho doce",5.4,438.0,1831.0,1.3,12.2,9.0,80.5,1.2,0.5,30.0,6.0,0.08,23.0,1.8,98.0,54.0,0.04,0.1,0.0,0.0,0.0,0.0,0.03,0.07,0.0,0.0,-0.0100303235260705,-1.4648166466690953,1,Café da Manhã|Almoço|Jantar|Merenda
100,"Verduras, hortaliças e derivados","Brócolis, cozido",92.6,25.0,103.0,2.1,0.5,0.0,4.4,3.4,0.4,51.0,15.0,0.12,33.0,0.5,2.0,119.0,0.08,0.2,0.0,0.0,0.0,0.04,0.03,0.0,0.0,42.0,-1.957749884636248,1.380227290505491,0,Almoço|Jantar
102,"Verduras, hortaliças e derivados","Cará, cozido",78.9,78.0,325.0,1.5,0.1,0.0,18.9,2.6,0.6,5.0,15.0,0.02,28.0,0.3,1.0,203.0,0.11,0.2,0.0,0.0,0.0,0.12,0.0,0.12,0.0,0.0,-1.7032438956525362,0.9442953167990374,0,Almoço|Jantar
106,"Verduras, hortaliças e derivados","Catalonha, refogada",87.4,63.0,265.0,2.0,4.8,0.0,4.8,3.7,1.0,63.0,16.0,0.64,35.0,1.2,25.0,452.0,0.18,0.4,0.0,850.0,425.0,0.04,0.0,0.03,0.6,0.0,-1.11195288106401,1.612465237940477,0,Almoço|Jantar
109,"Verduras, hortaliças e derivados","Cenoura, cozida",91.7,30.0,125.0,0.8,0.2,0.0,6.7,2.6,0.6,26.0,14.0,0.05,27.0,0.1,8.0,176.0,0.02,0.2,0.0,612.0,306.0,0.07,0.0,0.06,2.68,0.0,-1.5880245212257744,1.742217462111649,0,Almoço|Jantar
112,"Verduras, hortaliças e derivados","Chuchu, cozido",94.6,19.0,78.0,0.4,0.0,0.0,4.8,1.0,0.2,8.0,7.0,0.07,13.0,0.1,2.0,54.0,0.0,0.1,0.0,0.0,0.0,0.03,0.0,0.0,0.0,5.6,-2.2770855092956555,1.5249570145232212,0,Almoço|Jantar
114,"Verduras, hortaliças e derivados","Coentro, folhas desidratadas",10.6,309.0,1293.0,20.9,10.4,0.0,48.0,37.3,10.2,784.0,393.0,10.48,388.0,81.4,18.0,3223.0,4.09,4.7,0.0,0.0,0.0,0.1,0.11,0.09,0.0,40.8,10.970098569162127,-6.368427790223083,3,Almoço|Jantar
116,"Verduras, hortaliças e derivados","Couve, manteiga, refogada",81.5,90.0,378.0,1.7,6.6,0.0,8.7,5.7,1.5,177.0,26.0,0.12,33.0,0.5,11.0,315.0,0.02,0.2,0.0,384.0,192.0,0.0,0.05,0.07,0.0,76.9,-1.2334803884259855,1.0239817805106235,0,Almoço|Jantar
118,"Verduras, hortaliças e derivados","Couve-flor, cozida",94.3,19.0,80.0,1.2,0.3,0.0,3.9,2.1,0.3,16.0,5.0,0.1,25.0,0.1,2.0,80.0,0.0,0.3,0.0,0.0,0.0,0.04,0.0,0.0,0.0,23.7,-2.2021601802771795,1.4835692196485533,0,Almoço|Jantar
120,"Verduras, hortaliças e derivados","Espinafre, Nova Zelândia, refogado",86.6,67.0,281.0,2.7,5.4,0.0,4.2,2.5,1.0,112.0,123.0,0.61,34.0,0.6,47.0,149.0,0.04,0.6,0.0,624.0,312.0,0.08,0.13,0.13,0.0,5.3,-0.5656616772076224,0.9909576793425036,0,Almoço|Jantar
122,"Verduras, hortaliças e derivados","Farinha, de mandioca, torrada",8.3,365.0,1528.0,1.2,0.3,0.0,89.2,6.5,1.0,76.0,40.0,0.37,39.0,1.2,10.0,328.0,0.0,0.4,0.0,0.0,0.0,0.0,0.0,0.81,0.0,0.0,0.3317483029390483,-1.821054853341314,1,Almoço|Jantar
123,"Verduras, hortaliças e derivados","Farinha, de puba",9.8,360.0,1507.0,1.6,0.5,0.0,87.3,4.2,0.8,41.0,27.0,0.16,33.0,1.4,4.0,338.0,0.07,0.3,0.0,0.0,0.0,0.09,0.0,0.0,0.0,0.0,-0.0855317058913264,-1.3365426961705067,1,Almoço|Jantar
124,"Verduras, hortaliças e derivados","Fécula, de mandioca",17.8,331.0,1384.0,0.5,0.3,0.0,81.1,0.6,0.3,12.0,3.0,0.0,60.0,0.1,2.0,48.0,0.0,0.0,0.0,0.0,0.0,0.03,0.0,0.0,0.0,0.0,-0.62848226103355,-0.8199551984608919,1,Almoço|Jantar
129,"Verduras, hortaliças e derivados","Mandioca, cozida",68.7,125.0,524.0,0.6,0.3,0.0,30.1,1.6,0.4,19.0,27.0,0.06,22.0,0.1,1.0,100.0,0.01,0.2,0.0,0.0,0.0,0.06,0.0,0.03,0.0,11.1,-1.55439653322907,0.592060133751714,0,Almoço|Jantar
131,"Verduras, hortaliças e derivados","Mandioca, farofa, temperada",6.4,406.0,1697.0,2.1,9.1,0.0,80.3,7.8,2.1,66.0,34.0,0.29,45.0,1.4,575.0,201.0,0.0,0.2,0.0,0.0,0.0,0.1,0.0,0.15,0.0,0.0,0.2806001288309339,-1.8192923589394856,1,Almoço|Jantar
132,"Verduras, hortaliças e derivados","Mandioca, frita",36.6,300.0,1255.0,1.4,11.2,0.0,50.3,1.9,0.6,23.0,95.0,0.18,57.0,0.3,9.0,176.0,0.12,0.4,0.0,0.0,0.0,0.05,0.0,0.04,0.0,0.0,-0.221809221812655,-0.8969422054310875,1,Almoço|Jantar
136,"Verduras, hortaliças e derivados","Nhoque, batata, cozido",55.0,181.0,756.0,5.9,1.9,15.0,36.8,1.8,0.5,11.0,18.0,0.3,68.0,1.6,7.0,164.0,0.1,0.5,15.0,0.0,0.0,0.08,0.0,0.04,0.0,0.0,-0.9644859635687318,0.1926639375863681,0,Almoço|Jantar
138,"Verduras, hortaliças e derivados","Palmito, juçara, em conserva",91.4,23.0,97.0,1.8,0.4,0.0,4.3,3.2,2.1,58.0,34.0,10.82,40.0,0.3,514.0,244.0,0.23,0.7,0.0,0.0,0.0,0.06,0.04,0.0,0.0,2.0,-0.2778660537165953,-0.1076658902717373,0,Almoço|Jantar
139,"Verduras, hortaliças e derivados","Palmito, pupunha, em conserva",89.4,29.0,123.0,2.5,0.5,0.0,5.5,2.6,2.1,32.0,25.0,0.14,55.0,0.2,563.0,206.0,0.08,0.4,0.0,0.0,0.0,0.03,0.0,0.0,0.0,8.7,-1.881520340589972,1.2630465303689913,0,Almoço|Jantar
140,"Verduras, hortaliças e derivados","Pão, de queijo, assado",33.7,363.0,1519.0,5.1,24.6,68.0,34.2,0.6,2.3,102.0,8.0,0.03,94.0,0.3,773.0,93.0,0.01,0.6,61.0,0.0,0.0,0.04,0.1,0.04,0.0,0.0,-0.0937472969395948,-0.6065983394933612,1,Café da Manhã|Almoço|Jantar
146,"Verduras, hortaliças e derivados","Polvilho, doce",12.6,351.0,1470.0,0.4,0.0,0.0,86.8,0.2,0.2,27.0,4.0,0.09,8.0,0.5,2.0,38.0,0.0,0.0,0.0,0.0,0.0,0.0,0.0,0.0,0.0,0.0,-0.5678131982629682,-0.9676481950742628,1,Almoço|Jantar
151,"Verduras, hortaliças e derivados","Repolho, roxo, refogado",88.7,42.0,175.0,1.8,1.2,0.0,7.6,1.8,0.7,43.0,17.0,0.26,59.0,0.5,3.0,321.0,0.02,0.3,0.0,0.0,0.0,0.07,0.0,0.07,0.63,40.5,-1.84306503317896,1.187133634262368,0,Almoço|Jantar
154,"Verduras, hortaliças e derivados","Seleta de legumes, enlatada",82.1,57.0,237.0,3.4,0.4,0.0,12.7,3.1,1.4,16.0,16.0,0.13,49.0,1.1,398.0,122.0,0.08,0.5,0.0,244.0,122.0,0.03,0.0,0.0,3.72,0.0,-1.41712843205918,1.2260763501534917,0,Almoço|Jantar
158,"Verduras, hortaliças e derivados","Tomate, extrato",79.7,61.0,255.0,2.4,0.2,0.0,15.0,2.8,2.8,29.0,29.0,0.18,47.0,2.1,498.0,680.0,0.2,0.4,0.0,166.0,83.0,0.0,0.0,0.11,2.42,18.0,-1.309341944565665,1.0413742078517207,0,Almoço|Jantar
159,"Verduras, hortaliças e derivados","Tomate, molho industrializado",88.1,38.0,161.0,1.4,0.9,0.0,7.7,3.1,1.9,12.0,17.0,0.08,27.0,1.6,418.0,388.0,0.08,0.1,0.0,76.0,38.0,0.0,0.0,0.06,0.0,2.7,-1.8613673656284744,1.2589267919361282,0,Almoço|Jantar
160,"Verduras, hortaliças e derivados","Tomate, purê",90.8,28.0,117.0,1.4,0.0,0.0,6.9,1.0,1.0,13.0,15.0,0.0,30.0,1.3,104.0,308.0,0.09,0.3,0.0,90.0,45.0,0.0,0.0,0.07,1.18,5.4,-1.908239070833688,1.438945328117508,0,Almoço|Jantar
161,"Verduras, hortaliças e derivados","Tomate, salada",93.6,21.0,86.0,0.8,0.0,0.0,5.1,2.3,0.4,7.0,10.0,0.04,23.0,0.3,5.0,161.0,0.07,0.2,0.0,0.0,0.0,0.06,0.04,0.05,0.0,12.8,-2.0718340463504723,1.4732447721868136,0,Almoço|Jantar
165,Frutas e derivados,"Abacaxi, polpa, congelada",91.3,31.0,128.0,0.5,0.1,0.0,7.8,0.3,0.3,14.0,10.0,1.02,8.0,0.4,1.0,107.0,0.04,0.1,0.0,2.0,1.0,0.05,0.0,0.0,0.0,1.2,-2.0450001210332283,1.3114437017521177,0,Café da Manhã|Merenda
167,Frutas e derivados,"Açaí, polpa, com xarope de guaraná e glucose",73.9,110.0,461.0,0.7,3.7,0.0,21.5,1.7,0.3,22.0,13.0,3.29,11.0,0.3,15.0,75.0,0.14,0.2,0.0,0.0,0.0,0.0,0.0,0.07,0.0,10.3,-1.228044327349035,0.4022812554710901,0,Café da Manhã|Merenda
168,Frutas e derivados,"Açaí, polpa, congelada",88.7,58.0,243.0,0.8,3.9,0.0,6.2,2.6,0.3,35.0,17.0,6.16,16.0,0.4,5.0,124.0,0.18,0.3,0.0,0.0,0.0,0.0,0.04,0.07,0.0,0.0,-0.9860937766992908,0.4275014144878691,0,Café da Manhã|Merenda
170,Frutas e derivados,"Acerola, polpa, congelada",93.6,22.0,92.0,0.6,0.0,0.0,5.5,0.7,0.3,8.0,9.0,0.03,13.0,0.2,1.0,112.0,0.04,0.1,0.0,192.0,96.0,0.0,0.1,0.0,0.0,623.2,-2.387113578246183,2.0436569983574144,0,Café da Manhã|Merenda
171,Frutas e derivados,"Ameixa, calda, enlatada",52.2,183.0,765.0,0.4,0.0,0.0,46.9,0.5,0.5,13.0,10.0,0.1,21.0,2.2,3.0,221.0,0.03,0.1,0.0,0.0,0.0,0.0,0.23,0.37,0.0,4.3,-0.8692530997523596,0.2534468626436916,0,Café da Manhã|Merenda
173,Frutas e derivados,"Ameixa, em calda, enlatada, drenada",50.3,177.0,742.0,1.0,0.3,0.0,47.7,4.5,0.7,39.0,14.0,0.2,26.0,2.7,3.0,263.0,0.16,0.2,0.0,0.0,0.0,0.0,0.22,0.08,0.0,5.2,-0.7046981951124814,0.1792663748029272,0,Café da Manhã|Merenda
176,Frutas e derivados,"Banana, doce em barra",21.1,280.0,1172.0,2.2,0.1,0.0,75.7,3.8,1.0,12.0,49.0,0.84,37.0,0.6,10.0,518.0,0.16,0.3,0.0,27.0,14.0,0.03,0.0,0.06,1.41,0.0,-0.139980330997085,-0.9699983497129774,1,Café da Manhã|Merenda
185,Frutas e derivados,"Cajá, polpa, congelada",92.4,26.0,110.0,0.6,0.2,0.0,6.4,1.4,0.4,9.0,7.0,0.07,26.0,0.3,7.0,148.0,0.1,0.1,0.0,106.0,53.0,0.04,0.0,0.0,0.0,0.0,-2.0820328924017937,1.5428747602075423,0,Café da Manhã|Merenda
187,Frutas e derivados,"Caju, polpa, congelada",89.8,37.0,153.0,0.5,0.2,0.0,9.4,0.8,0.2,1.0,7.0,0.05,10.0,0.1,4.0,88.0,0.07,0.1,0.0,22.0,11.0,0.0,0.02,0.0,2.25,119.7,-2.096665145689098,1.5126681198487697,0,Café da Manhã|Merenda
188,Frutas e derivados,"Caju, suco concentrado, envasado",88.4,45.0,189.0,0.4,0.2,0.0,10.7,0.6,0.3,1.0,8.0,0.06,11.0,0.1,45.0,107.0,0.04,0.1,0.0,10.0,5.0,0.0,0.03,0.0,0.0,138.7,-2.185780953290469,1.4620852357662175,0,Café da Manhã|Merenda
193,Frutas e derivados,"Cupuaçu, polpa, congelada",86.6,49.0,204.0,0.8,0.6,0.0,11.4,1.6,0.6,5.0,14.0,0.17,14.0,0.3,1.0,291.0,0.14,0.2,0.0,0.0,0.0,0.07,0.07,0.05,0.0,10.5,-1.8375208374352747,1.2902936031323724,0,Café da Manhã|Merenda
195,Frutas e derivados,"Figo, enlatado, em calda",48.8,184.0,771.0,0.6,0.2,0.0,50.3,2.0,0.2,33.0,7.0,0.16,6.0,0.5,7.0,39.0,0.25,0.1,0.0,0.0,0.0,0.0,0.0,0.0,0.0,5.2,-1.184656925484381,0.2173126751289023,0,Café da Manhã|Merenda
198,Frutas e derivados,"Goiaba, doce em pasta",24.8,269.0,1125.0,0.6,0.0,0.0,74.1,3.7,0.5,10.0,6.0,0.11,54.0,0.4,4.0,165.0,0.06,0.1,0.0,136.0,68.0,0.07,0.0,0.0,0.0,23.1,-0.6338575447050542,-0.5124549531249871,1,Café da Manhã|Merenda
199,Frutas e derivados,"Goiaba, doce, cascão",20.3,286.0,1195.0,0.4,0.1,0.0,78.7,4.4,0.5,15.0,10.0,0.16,28.0,0.4,11.0,251.0,0.08,0.1,0.0,50.0,25.0,0.0,0.0,0.0,1.41,34.3,-0.5286758309630378,-0.7214362153919556,1,Café da Manhã|Merenda
202,Frutas e derivados,"Graviola, polpa, congelada",89.2,38.0,160.0,0.6,0.1,0.0,9.8,1.2,0.4,6.0,10.0,0.06,17.0,0.1,3.0,170.0,0.06,0.1,0.0,0.0,0.0,0.0,0.09,0.0,0.0,10.5,-2.010766712327136,1.4440493726076788,0,Café da Manhã|Merenda
209,Frutas e derivados,"Laranja, baía, suco",90.2,37.0,153.0,0.7,0.0,0.0,8.7,0.0,0.4,6.0,8.0,0.02,22.0,0.1,0.0,173.0,0.02,0.0,0.0,4.0,2.0,0.03,0.0,0.02,0.0,94.5,-2.239275086902819,1.472825532658226,0,Café da Manhã|Merenda
211,Frutas e derivados,"Laranja, da terra, suco",89.2,41.0,171.0,0.7,0.1,0.0,9.6,1.0,0.4,13.0,10.0,0.02,15.0,0.1,0.0,145.0,0.02,0.1,0.0,4.0,2.0,0.04,0.0,0.04,0.0,44.3,-2.135420603506716,1.3624040587862674,0,Café da Manhã|Merenda
213,Frutas e derivados,"Laranja, lima, suco",89.7,39.0,165.0,0.7,0.1,0.0,9.2,0.4,0.3,8.0,11.0,0.02,16.0,0.0,0.0,129.0,0.02,0.0,0.0,0.0,0.0,0.1,0.03,0.04,0.0,41.3,-2.114291541231961,1.4020418407428006,0,Café da Manhã|Merenda
215,Frutas e derivados,"Laranja, pêra, suco",91.3,33.0,137.0,0.7,0.1,0.0,7.6,0.0,0.3,7.0,8.0,0.03,14.0,0.0,0.0,149.0,0.01,0.0,0.0,1.0,1.0,0.0,0.0,0.0,0.0,73.3,-2.2844378092059605,1.5068558569658752,0,Café da Manhã|Merenda
217,Frutas e derivados,"Laranja, valência, suco",90.5,36.0,151.0,0.5,0.1,0.0,8.6,0.4,0.3,9.0,10.0,0.03,17.0,0.0,0.0,143.0,0.02,0.0,0.0,2.0,1.0,0.0,0.0,0.03,0.0,0.0,-2.185349299798492,1.414117586909471,0,Café da Manhã|Merenda
218,Frutas e derivados,"Limão, cravo, suco",94.2,14.0,59.0,0.3,0.0,0.0,5.2,0.0,0.2,10.0,9.0,0.03,11.0,0.1,0.0,120.0,0.03,0.0,0.0,31.0,16.0,0.0,0.0,0.0,0.0,32.8,-2.312505897725025,1.6183127414011416,0,Café da Manhã|Merenda
219,Frutas e derivados,"Limão, galego, suco",91.8,22.0,93.0,0.6,0.1,0.0,7.3,0.0,0.3,5.0,6.0,0.01,13.0,0.1,0.0,113.0,0.02,0.1,0.0,0.0,0.0,0.0,0.0,0.03,0.0,34.5,-2.283107594689124,1.5319384998282588,0,Café da Manhã|Merenda
224,Frutas e derivados,"Mamão, doce em calda, drenado",45.5,196.0,819.0,0.2,0.1,0.0,54.0,1.3,0.2,20.0,6.0,0.02,4.0,0.1,3.0,68.0,0.02,0.1,0.0,0.0,0.0,0.03,0.0,0.0,0.0,3.9,-1.2901182409020333,0.0913266874656699,0,Café da Manhã|Merenda
227,Frutas e derivados,"Mamão verde, doce em calda, drenado",41.9,209.0,876.0,0.3,0.1,0.0,57.6,1.2,0.1,12.0,5.0,0.04,3.0,0.2,5.0,9.0,0.02,0.0,0.0,0.0,0.0,0.0,0.0,0.0,0.0,0.0,-1.245906120638341,0.0031775495691282,0,Café da Manhã|Merenda
230,Frutas e derivados,"Manga, polpa, congelada",86.5,48.0,202.0,0.4,0.2,0.0,12.5,1.1,0.4,7.0,9.0,0.12,9.0,0.1,7.0,131.0,0.06,0.1,0.0,0.0,0.0,0.0,0.07,0.03,0.0,24.9,-1.994018440558248,1.3501108758908884,0,Café da Manhã|Merenda
233,Frutas e derivados,"Maracujá, polpa, congelada",88.9,39.0,162.0,0.8,0.2,0.0,9.6,0.5,0.5,5.0,10.0,0.07,15.0,0.3,8.0,228.0,0.05,0.2,0.0,0.0,0.0,0.0,0.09,0.06,0.0,7.3,-1.986349535842118,1.4282978794268213,0,Café da Manhã|Merenda
234,Frutas e derivados,"Maracujá, suco concentrado, envasado",88.9,42.0,176.0,0.8,0.2,0.0,9.6,0.4,0.5,4.0,4.0,0.07,14.0,0.3,22.0,201.0,0.05,0.1,0.0,0.0,0.0,0.0,0.08,0.05,1.92,13.7,-1.9526608847251807,1.4488916379385317,0,Café da Manhã|Merenda
245,Frutas e derivados,"Pêssego, enlatado, em calda",82.2,63.0,264.0,0.7,0.0,0.0,16.9,1.0,0.2,4.0,4.0,0.03,9.0,0.6,3.0,95.0,0.04,0.1,0.0,48.0,24.0,0.0,0.0,0.0,0.0,0.0,-1.9969552843970704,1.228558013122151,0,Café da Manhã|Merenda
248,Frutas e derivados,"Pitanga, polpa, congelada",94.6,19.0,80.0,0.3,0.1,0.0,4.8,0.7,0.3,8.0,6.0,0.05,12.0,0.4,5.0,87.0,0.06,0.1,0.0,146.0,73.0,0.0,0.0,0.0,0.0,0.0,-2.1822923650850488,1.6616840710465888,0,Café da Manhã|Merenda
252,Frutas e derivados,"Tangerina, Poncã, suco",90.4,36.0,151.0,0.5,0.0,0.0,8.8,0.0,0.3,4.0,6.0,0.02,9.0,0.0,0.0,119.0,0.02,0.0,0.0,51.0,26.0,0.06,0.0,0.03,0.0,41.8,-2.2099007132876336,1.4927804253419112,0,Café da Manhã|Merenda
255,Frutas e derivados,"Umbu, polpa, congelada",90.2,34.0,142.0,0.5,0.1,0.0,8.8,1.3,0.4,11.0,8.0,0.05,13.0,0.2,6.0,154.0,0.04,0.1,0.0,0.0,0.0,0.0,0.06,0.0,0.0,4.0,-2.083583666184744,1.44651695574644,0,Café da Manhã|Merenda
258,Frutas e derivados,"Uva, suco concentrado, envasado",85.1,58.0,241.0,0.0,0.0,0.0,14.7,0.2,0.2,9.0,7.0,0.2,10.0,0.1,10.0,54.0,0.13,0.1,0.0,0.0,0.0,0.07,0.02,0.05,0.0,21.0,-1.9800843060568727,1.2815610868612823,0,Café da Manhã|Merenda
259,Gorduras e óleos,"Azeite, de dendê",0.0,884.0,3699.0,0.0,100.0,0.0,0.0,0.0,0.0,0.0,0.0,0.0,0.0,0.0,0.0,0.0,0.0,0.0,0.0,0.0,0.0,0.0,0.0,0.0,0.0,0.0,1.1211518933624118,-3.1904489810811367,1,Outros
260,Gorduras e óleos,"Azeite, de oliva, extra virgem",0.0,884.0,3699.0,0.0,100.0,0.0,0.0,0.0,0.0,0.0,0.0,0.0,0.0,0.0,0.0,0.0,0.0,0.0,0.0,0.0,0.0,0.0,0.0,0.0,0.0,0.0,1.1211518933624118,-3.1904489810811367,1,Outros
261,Gorduras e óleos,"Manteiga, com sal",15.8,726.0,3037.0,0.4,82.4,201.0,0.1,0.0,1.4,9.0,1.0,0.0,28.0,0.2,579.0,15.0,0.0,0.0,924.0,0.0,0.0,0.0,0.0,0.0,0.0,0.0,1.2110838968065123,-1.6544056888946068,1,Outros
262,Gorduras e óleos,"Manteiga, sem sal",13.6,758.0,3170.0,0.4,86.0,214.0,0.0,0.0,0.1,4.0,1.0,0.0,7.0,0.0,4.0,5.0,0.04,0.0,1013.0,0.0,0.0,0.0,0.0,0.0,0.0,0.0,1.3647008785176948,-1.723717455313154,1,Outros
263,Gorduras e óleos,"Margarina, com óleo hidrogenado, com sal (65% de lipídeos)",32.2,596.0,2494.0,0.0,67.4,0.0,0.0,0.0,1.9,6.0,1.0,0.0,7.0,0.1,894.0,21.0,0.0,0.0,462.0,0.0,0.0,0.0,0.0,0.0,0.0,0.0,0.1359922061914219,-1.3950690379480688,1,Outros
264,Gorduras e óleos,"Margarina, com óleo hidrogenado, sem sal (80% de lipídeos)",19.6,723.0,3023.0,0.0,81.7,0.0,0.0,0.0,0.2,3.0,1.0,0.0,4.0,0.1,78.0,2.0,0.0,0.0,534.0,0.0,0.0,0.0,0.0,0.0,0.0,0.0,0.667066205488024,-2.0477397796400214,1,Outros
265,Gorduras e óleos,"Margarina, com óleo interesterificado, com sal (65%de lipídeos)",32.0,594.0,2487.0,0.0,67.2,0.0,0.0,0.0,1.2,5.0,1.0,0.0,6.0,0.0,561.0,15.0,0.0,0.0,385.0,0.0,0.0,0.0,0.0,0.0,0.0,0.0,0.0978467897719537,-1.4165012485766415,1,Outros
266,Gorduras e óleos,"Margarina, com óleo interesterificado, sem sal (65% de lipídeos)",33.4,593.0,2482.0,0.0,67.1,0.0,0.0,0.0,0.1,5.0,1.0,0.0,7.0,0.1,33.0,5.0,0.0,0.0,245.0,0.0,0.0,0.0,0.0,0.0,0.0,0.0,0.0392906370272178,-1.4582285084412665,1,Outros
267,Gorduras e óleos,"Óleo, de babaçu",0.0,884.0,3699.0,0.0,100.0,0.0,0.0,0.0,0.0,0.0,0.0,0.0,0.0,0.0,0.0,0.0,0.0,0.0,0.0,0.0,0.0,0.0,0.0,0.0,0.0,0.0,1.1211518933624118,-3.1904489810811367,1,Outros
268,Gorduras e óleos,"Óleo, de canola",0.0,884.0,3699.0,0.0,100.0,0.0,0.0,0.0,0.0,0.0,0.0,0.0,0.0,0.0,0.0,0.0,0.0,0.0,0.0,0.0,0.0,0.0,0.0,0.0,0.0,0.0,1.1211518933624118,-3.1904489810811367,1,Outros
269,Gorduras e óleos,"Óleo, de girassol",0.0,884.0,3699.0,0.0,100.0,0.0,0.0,0.0,0.0,0.0,0.0,0.0,0.0,0.0,0.0,0.0,0.0,0.0,0.0,0.0,0.0,0.0,0.0,0.0,0.0,0.0,1.1211518933624118,-3.1904489810811367,1,Outros
270,Gorduras e óleos,"Óleo, de milho",0.0,884.0,3699.0,0.0,100.0,0.0,0.0,0.0,0.0,0.0,0.0,0.0,0.0,0.0,0.0,0.0,0.0,0.0,0.0,0.0,0.0,0.0,0.0,0.0,0.0,0.0,1.1211518933624118,-3.1904489810811367,1,Outros
271,Gorduras e óleos,"Óleo, de pequi",0.0,884.0,3699.0,0.0,100.0,0.0,0.0,0.0,0.0,0.0,0.0,0.0,0.0,0.0,0.0,0.0,0.0,0.0,0.0,0.0,0.0,0.0,0.0,0.0,0.0,0.0,1.1211518933624118,-3.1904489810811367,1,Outros
272,Gorduras e óleos,"Óleo, de soja",0.0,884.0,3699.0,0.0,100.0,0.0,0.0,0.0,0.0,0.0,0.0,0.0,0.0,0.0,0.0,0.0,0.0,0.0,0.0,0.0,0.0,0.0,0.0,0.0,0.0,0.0,1.1211518933624118,-3.1904489810811367,1,Outros
273,Pescados e frutos do mar,"Abadejo, filé, congelado, assado",74.3,112.0,467.0,23.5,1.2,103.0,0.0,0.0,1.6,23.0,20.0,0.0,338.0,0.5,334.0,156.0,0.03,0.5,0.0,0.0,0.0,0.0,0.0,0.0,0.44,0.0,-0.7993811452945382,1.0185908304945148,4,Almoço|Jantar
274,Pescados e frutos do mar,"Abadejo, filé, congelado,cozido",79.7,91.0,381.0,19.3,0.9,87.0,0.0,0.0,0.9,17.0,16.0,0.0,351.0,0.3,189.0,146.0,0.03,0.4,0.0,0.0,0.0,0.0,0.0,0.0,0.0,0.0,-1.03270306375274,1.1447605537045664,4,Almoço|Jantar
276,Pescados e frutos do mar,"Abadejo, filé, congelado, grelhado",71.0,130.0,542.0,27.6,1.3,136.0,0.0,0.0,1.6,20.0,22.0,0.0,581.0,0.3,305.0,279.0,0.0,0.4,6.0,6.0,6.0,0.03,0.0,0.0,0.44,0.0,-0.285114812127101,0.854023149510742,4,Almoço|Jantar
277,Pescados e frutos do mar,"Atum, conserva em óleo",64.5,166.0,694.0,26.2,6.0,53.0,0.0,0.0,1.5,7.0,29.0,0.0,211.0,1.2,362.0,280.0,0.04,0.6,0.0,0.0,0.0,0.15,0.03,0.0,3.17,0.0,-0.4667329071931814,0.6037275920478993,4,Almoço|Jantar
280,Pescados e frutos do mar,"Bacalhau, salgado, refogado",65.9,140.0,584.0,24.0,3.6,112.0,1.2,0.0,5.3,59.0,15.0,0.0,51.0,0.2,1256.0,50.0,0.04,0.6,0.0,0.0,0.0,0.03,0.05,0.0,5.17,0.0,-0.710313143065487,0.9749708644453244,4,Almoço|Jantar
281,Pescados e frutos do mar,"Cação, posta, com farinha de trigo, frita",60.6,208.0,872.0,25.0,10.0,75.0,3.1,0.5,1.4,30.0,26.0,0.06,462.0,1.0,160.0,420.0,0.0,0.6,17.0,17.0,17.0,0.0,0.0,0.0,0.77,0.0,-0.1182054365814529,0.2866464198647581,4,Almoço|Jantar
282,Pescados e frutos do mar,"Cação, posta, cozida",75.9,116.0,485.0,25.6,0.7,83.0,0.0,0.0,1.2,10.0,21.0,0.0,204.0,0.3,115.0,249.0,0.03,0.6,12.0,12.0,12.0,0.0,0.04,0.0,9.77,0.0,-0.4736484603794358,1.092913118721434,4,Almoço|Jantar
284,Pescados e frutos do mar,"Camarão, Rio Grande, grande, cozido",78.7,90.0,377.0,19.0,1.0,241.0,0.0,0.0,1.7,90.0,19.0,0.06,266.0,1.3,367.0,102.0,0.17,1.2,0.0,0.0,0.0,0.0,0.0,0.0,1.07,0.0,-0.5849920426308213,1.3414206786098353,4,Almoço|Jantar
286,Pescados e frutos do mar,"Camarão, Sete Barbas, sem cabeça, com casca, frito",61.0,231.0,968.0,18.4,15.6,283.0,2.9,0.0,2.1,960.0,74.0,0.38,337.0,2.4,99.0,107.0,0.19,1.1,0.0,0.0,0.0,0.05,0.0,0.0,0.35,0.0,1.2991121648972308,-0.2508548469082063,4,Almoço|Jantar
287,Pescados e frutos do mar,"Caranguejo, cozido",77.0,83.0,346.0,18.5,0.4,85.0,0.0,0.0,3.5,357.0,52.0,0.07,154.0,2.9,360.0,186.0,0.72,5.7,0.0,0.0,0.0,0.04,0.31,0.0,4.17,0.0,0.7589406702155431,1.1056967286323474,4,Almoço|Jantar
289,Pescados e frutos do mar,"Corimbatá, assado",59.9,261.0,1094.0,19.9,19.6,80.0,0.0,0.0,1.0,22.0,24.0,0.01,221.0,1.0,40.0,326.0,0.03,0.7,0.0,0.0,0.0,0.13,0.06,0.0,2.7,0.0,-0.1482385205175348,0.1727643909942868,4,Almoço|Jantar
290,Pescados e frutos do mar,"Corimbatá, cozido",64.6,239.0,999.0,20.1,16.9,75.0,0.0,0.0,0.8,65.0,23.0,0.02,185.0,0.6,37.0,254.0,0.05,1.0,0.0,0.0,0.0,0.0,0.0,0.0,2.09,0.0,-0.4052435904508139,0.3111081244186101,4,Almoço|Jantar
293,Pescados e frutos do mar,"Corvina grande, assada",69.0,147.0,613.0,26.8,3.6,117.0,0.0,0.0,1.3,60.0,24.0,0.03,176.0,0.5,85.0,291.0,0.02,0.7,0.0,0.0,0.0,0.11,0.1,0.0,4.23,0.0,-0.3737833006483957,0.9050992608975846,4,Almoço|Jantar
294,Pescados e frutos do mar,"Corvina grande, cozida",73.6,100.0,419.0,23.4,2.6,123.0,0.0,0.0,0.9,69.0,22.0,0.02,164.0,0.6,68.0,194.0,0.03,0.7,6.0,6.0,6.0,0.0,0.03,0.0,0.77,0.0,-0.878121727308269,1.1290664634650414,4,Almoço|Jantar
295,Pescados e frutos do mar,"Dourada de água doce, fresca",76.2,131.0,549.0,18.8,5.6,52.0,0.0,0.0,1.1,12.0,26.0,0.01,189.0,0.2,40.0,393.0,0.02,0.5,0.0,0.0,0.0,0.0,0.0,0.0,3.7,0.0,-0.9223497441283572,0.8883503587698,4,Almoço|Jantar
297,Pescados e frutos do mar,"Lambari, congelado, frito",40.1,327.0,1368.0,28.4,22.8,246.0,0.0,0.0,6.2,1881.0,66.0,0.34,1067.0,0.8,65.0,331.0,0.31,5.6,9.0,9.0,9.0,0.25,0.03,0.04,8.93,0.0,4.637130836607766,-1.7898674679091988,4,Almoço|Jantar
299,Pescados e frutos do mar,"Manjuba, com farinha de trigo, frita",41.3,344.0,1437.0,23.5,22.6,282.0,10.2,0.4,2.4,763.0,47.0,0.36,578.0,3.0,37.0,319.0,0.15,3.8,30.0,30.0,30.0,0.05,0.07,0.0,0.79,0.0,2.338638653297912,-0.855560292674113,4,Almoço|Jantar
300,Pescados e frutos do mar,"Manjuba, frita",40.7,349.0,1462.0,30.1,24.5,270.0,0.0,0.0,4.2,575.0,32.0,0.21,735.0,0.9,41.0,318.0,0.14,3.2,12.0,12.0,12.0,0.03,0.03,0.0,7.27,0.0,2.440679423258362,-0.7011551508647036,4,Almoço|Jantar
301,Pescados e frutos do mar,"Merluza, filé, assado",70.7,122.0,510.0,26.6,0.9,91.0,0.0,0.0,1.2,36.0,20.0,0.03,273.0,0.4,120.0,364.0,0.03,0.9,0.0,0.0,0.0,0.05,0.0,0.0,7.97,0.0,-0.3673895649744171,0.9162606944720252,4,Almoço|Jantar
303,Pescados e frutos do mar,"Merluza, filé, frito",63.5,192.0,802.0,26.9,8.5,109.0,0.0,0.0,1.5,36.0,38.0,0.02,279.0,0.4,90.0,447.0,0.03,0.6,0.0,0.0,0.0,0.05,0.0,0.0,0.77,0.0,-0.3306152127688513,0.4952320871681678,4,Almoço|Jantar
305,Pescados e frutos do mar,"Pescada, branca, frita",57.0,223.0,933.0,27.4,11.8,165.0,0.0,0.0,3.2,378.0,30.0,0.06,504.0,0.5,107.0,355.0,0.08,1.1,39.0,39.0,39.0,0.08,0.11,0.0,8.07,0.0,1.1165108609750756,0.2294366258997519,4,Almoço|Jantar
306,Pescados e frutos do mar,"Pescada, filé, com farinha de trigo, frito",53.2,283.0,1186.0,21.4,19.1,73.0,5.0,0.0,1.2,26.0,28.0,0.07,216.0,0.9,91.0,216.0,0.03,0.4,18.0,18.0,18.0,0.0,0.03,0.0,0.6,0.0,-0.1949394741285919,0.0195209309440156,4,Almoço|Jantar
308,Pescados e frutos do mar,"Pescada, filé, frito",66.8,154.0,645.0,28.6,3.6,81.0,0.0,0.0,1.7,10.0,21.0,0.0,204.0,0.3,115.0,249.0,0.03,0.6,4.0,4.0,4.0,0.14,0.0,0.0,8.87,0.0,-0.2990530441592496,0.7682186040288,4,Almoço|Jantar
309,Pescados e frutos do mar,"Pescada, filé, molho escabeche",74.5,142.0,594.0,11.8,8.0,43.0,5.0,0.8,0.7,20.0,18.0,0.08,105.0,1.5,51.0,208.0,0.36,0.3,19.0,0.0,0.0,0.0,0.03,0.0,1.1,6.9,-0.9939096576238242,0.9302765797052372,0,Almoço|Jantar
311,Pescados e frutos do mar,"Pintado, assado",57.0,192.0,801.0,36.5,4.0,126.0,0.0,0.0,2.0,114.0,42.0,0.08,332.0,0.8,81.0,527.0,0.04,2.1,7.0,7.0,7.0,0.03,0.0,0.0,6.63,0.0,0.4982359351591169,0.3669335623387352,4,Almoço|Jantar
313,Pescados e frutos do mar,"Pintado, grelhado",65.5,152.0,637.0,30.8,2.3,99.0,0.0,0.0,1.6,69.0,27.0,0.03,237.0,0.5,53.0,360.0,0.04,0.8,5.0,5.0,5.0,0.03,0.0,0.0,2.87,0.0,-0.393586696513889,0.7532038993026956,4,Almoço|Jantar
315,Pescados e frutos do mar,"Salmão, filé, com pele, fresco,  grelhado",60.9,229.0,957.0,23.9,14.0,85.0,0.0,0.0,1.3,29.0,28.0,0.02,300.0,0.5,85.0,384.0,0.04,0.6,0.0,0.0,0.0,0.13,0.06,0.0,5.35,0.0,0.0354875073463743,0.3115487574852364,4,Almoço|Jantar
317,Pescados e frutos do mar,"Salmão, sem pele, fresco, grelhado",58.1,243.0,1015.0,26.1,14.5,73.0,0.0,0.0,1.6,15.0,38.0,0.01,352.0,0.4,96.0,518.0,0.04,0.5,0.0,0.0,0.0,0.23,0.03,0.0,6.3,0.0,0.2501939312316091,0.1080710559928044,4,Almoço|Jantar
318,Pescados e frutos do mar,"Sardinha, assada",60.1,164.0,688.0,32.2,3.0,109.0,0.0,0.0,4.4,438.0,51.0,0.24,578.0,1.3,74.0,574.0,0.14,1.8,0.0,0.0,0.0,0.06,0.0,0.0,5.83,0.0,1.0051030493987487,0.1261778606873634,4,Almoço|Jantar
319,Pescados e frutos do mar,"Sardinha, conserva em óleo",55.1,285.0,1192.0,15.9,24.0,73.0,0.0,0.0,2.9,550.0,35.0,0.11,496.0,3.5,666.0,367.0,0.03,1.6,0.0,0.0,0.0,0.42,0.04,0.0,6.55,0.0,1.277435849565968,-0.6848808341654934,4,Almoço|Jantar
320,Pescados e frutos do mar,"Sardinha, frita",48.5,257.0,1075.0,33.4,12.7,103.0,0.0,0.0,4.3,482.0,39.0,0.25,629.0,1.1,60.0,460.0,0.14,1.6,0.0,0.0,0.0,0.06,0.0,0.0,7.1,0.0,1.4783054528850628,-0.3880662388482737,4,Almoço|Jantar
323,Carnes e derivados,Apresuntado,73.7,129.0,539.0,13.5,6.7,38.0,2.9,0.0,3.3,23.0,15.0,0.04,225.0,0.9,943.0,270.0,0.03,1.6,0.0,0.0,0.0,0.62,0.04,0.0,0.7,0.0,-0.726413297101229,0.6616804824100466,0,Almoço|Jantar
324,Carnes e derivados,"Caldo de carne, tablete",2.9,241.0,1007.0,7.8,16.6,0.0,15.1,0.6,57.6,129.0,22.0,0.02,123.0,0.0,22180.0,218.0,0.0,0.0,0.0,0.0,0.0,0.7,0.07,0.27,0.0,0.0,-0.1602872949784041,-0.933755524287367,0,Almoço|Jantar
325,Carnes e derivados,"Caldo de galinha, tablete",3.4,251.0,1052.0,6.3,20.4,2.0,10.6,11.8,59.3,16.0,13.0,0.13,48.0,0.7,22300.0,68.0,0.0,0.3,0.0,0.0,0.0,0.05,0.04,0.0,0.0,0.0,-0.3985946357618016,-1.0106796910546116,0,Almoço|Jantar
326,Carnes e derivados,"Carne, bovina, acém, moído, cozido",61.6,212.0,889.0,26.7,10.9,103.0,0.0,0.0,0.8,4.0,17.0,0.01,164.0,2.7,52.0,256.0,0.06,8.1,0.0,0.0,0.0,0.0,0.32,0.0,1.76,0.0,0.7593289787205447,0.5278004941571045,4,Almoço|Jantar
328,Carnes e derivados,"Carne, bovina, acém, sem gordura, cozido",60.4,215.0,898.0,27.3,10.9,107.0,0.0,0.0,0.8,7.0,14.0,0.0,164.0,2.4,56.0,254.0,0.07,8.0,0.0,0.0,0.0,0.0,0.04,0.07,1.63,0.0,0.4169701007766964,0.3137615810601439,4,Almoço|Jantar
331,Carnes e derivados,"Carne, bovina, almôndegas, fritas",48.1,272.0,1137.0,18.2,15.8,36.0,14.3,0.0,3.7,27.0,48.0,0.41,244.0,1.9,1030.0,536.0,0.19,2.6,0.0,0.0,0.0,0.13,0.07,0.0,6.6,0.0,0.6104017028591796,-0.3194803801950236,4,Almoço|Jantar
332,Carnes e derivados,"Carne, bovina, bucho, cozido",74.1,133.0,557.0,21.6,4.5,245.0,0.0,0.0,0.3,13.0,7.0,0.01,63.0,0.6,38.0,70.0,0.05,2.5,0.0,0.0,0.0,0.0,0.0,0.0,2.18,0.0,-0.679991305395257,1.2590375893462464,4,Almoço|Jantar
335,Carnes e derivados,"Carne, bovina, capa de contra-filé, com gordura, grelhada",47.9,312.0,1304.0,30.7,20.0,120.0,0.0,0.0,1.1,7.0,18.0,0.0,214.0,2.6,81.0,323.0,0.13,6.2,0.0,0.0,0.0,0.0,0.06,0.0,1.74,0.0,0.8369367217104035,-0.1430550059378572,4,Almoço|Jantar
337,Carnes e derivados,"Carne, bovina, capa de contra-filé, sem gordura, grelhada",53.7,239.0,1002.0,35.1,10.0,80.0,0.0,0.0,1.3,9.0,26.0,0.01,287.0,2.8,83.0,385.0,0.12,7.6,0.0,0.0,0.0,0.03,0.08,0.0,1.86,0.0,0.888404347545106,0.085559759073488,4,Almoço|Jantar
338,Carnes e derivados,"Carne, bovina, charque, cozido",45.8,263.0,1099.0,36.4,11.9,113.0,0.0,0.0,3.6,15.0,13.0,0.02,101.0,3.5,1443.0,90.0,0.07,6.1,0.0,0.0,0.0,0.05,0.07,0.0,1.5,0.0,0.5889110780808473,0.0925450872391779,4,Almoço|Jantar
340,Carnes e derivados,"Carne, bovina, contra-filé, à milanesa",42.2,352.0,1471.0,20.6,24.0,99.0,12.2,0.4,1.1,15.0,27.0,0.27,203.0,2.9,77.0,271.0,0.1,2.9,15.0,0.0,0.0,0.07,0.04,0.0,3.02,0.0,0.659015667659943,-0.537601403937412,4,Almoço|Jantar
342,Carnes e derivados,"Carne, bovina, contra-filé de costela, grelhado",52.2,275.0,1150.0,29.9,16.3,98.0,0.0,0.0,1.2,4.0,24.0,0.01,252.0,2.8,51.0,383.0,0.08,6.7,0.0,0.0,0.0,0.0,0.19,0.17,2.75,0.0,1.0303895436354766,-0.0160790232489696,4,Almoço|Jantar
344,Carnes e derivados,"Carne, bovina, contra-filé, com gordura, grelhado",51.7,278.0,1163.0,32.4,15.5,144.0,0.0,0.0,1.2,4.0,19.0,0.0,219.0,2.4,57.0,352.0,0.09,4.8,0.0,0.0,0.0,0.0,0.18,0.13,4.91,0.0,0.9455091164526384,0.157458847981365,4,Almoço|Jantar
346,Carnes e derivados,"Carne, bovina, contra-filé, sem gordura, grelhado",57.5,194.0,810.0,35.9,4.5,102.0,0.0,0.0,1.3,5.0,21.0,0.0,241.0,2.4,58.0,386.0,0.09,5.1,0.0,0.0,0.0,0.0,0.17,0.16,4.93,0.0,0.6804818818854264,0.5014900716350941,4,Almoço|Jantar
347,Carnes e derivados,"Carne, bovina, costela, assada",43.2,373.0,1561.0,28.8,27.7,95.0,0.0,0.0,1.0,28.0,20.0,0.0,179.0,2.2,92.0,270.0,0.08,5.5,0.0,0.0,0.0,0.0,0.08,0.35,0.56,0.0,0.9598958601358976,-0.5960132118093621,4,Almoço|Jantar
349,Carnes e derivados,"Carne, bovina, coxão duro, sem gordura, cozido",58.5,217.0,906.0,31.9,8.9,71.0,0.0,0.0,0.9,4.0,14.0,0.0,189.0,1.7,41.0,252.0,0.07,5.0,2.0,2.0,2.0,0.0,0.0,0.0,3.26,0.0,0.1412669686210746,0.346311535368467,4,Almoço|Jantar
351,Carnes e derivados,"Carne, bovina, coxão mole, sem gordura, cozido",58.0,219.0,915.0,32.4,8.9,84.0,0.0,0.0,1.2,4.0,13.0,0.0,183.0,2.6,44.0,239.0,0.11,4.7,2.0,2.0,2.0,0.0,0.0,0.0,4.09,0.0,0.2280739642924753,0.3600449792389806,4,Almoço|Jantar
353,Carnes e derivados,"Carne, bovina, cupim, assado",48.4,330.0,1381.0,28.6,23.0,91.0,0.0,0.0,1.0,8.0,18.0,0.0,212.0,2.7,72.0,321.0,0.08,5.3,0.0,0.0,0.0,0.0,0.08,0.14,2.16,0.0,0.7983021110190662,-0.2978594880627416,4,Almoço|Jantar
356,Carnes e derivados,"Carne, bovina, fígado, grelhado",55.0,225.0,942.0,29.9,9.0,601.0,4.2,0.0,2.0,6.0,10.0,0.22,420.0,5.8,82.0,309.0,12.58,4.0,14574.0,14574.0,14574.0,0.21,2.69,0.0,11.92,0.0,26.98206046974549,27.41760816742347,2,Almoço|Jantar
358,Carnes e derivados,"Carne, bovina, filé mingnon, sem gordura, grelhado",57.0,220.0,919.0,32.8,8.8,103.0,0.0,0.0,1.3,4.0,28.0,0.02,308.0,2.9,58.0,326.0,0.14,4.1,0.0,0.0,0.0,0.03,0.08,0.05,4.27,0.0,0.6223572949587045,0.300258160128286,4,Almoço|Jantar
359,Carnes e derivados,"Carne, bovina, flanco, sem gordura, cozido",62.0,196.0,818.0,29.4,7.8,62.0,0.0,0.0,0.9,4.0,14.0,0.0,181.0,2.8,42.0,249.0,0.07,5.6,2.0,2.0,2.0,0.0,0.0,0.0,2.32,0.0,0.0510946592944838,0.4074142425022183,4,Almoço|Jantar
361,Carnes e derivados,"Carne, bovina, fraldinha, com gordura, cozida",49.7,338.0,1416.0,24.2,26.0,65.0,0.0,0.0,0.7,3.0,14.0,0.0,161.0,2.0,39.0,207.0,0.07,6.5,0.0,0.0,0.0,0.0,0.05,0.07,1.61,0.0,0.6238757920562621,-0.3563090493991762,4,Almoço|Jantar
363,Carnes e derivados,"Carne, bovina, lagarto, cozido",57.6,222.0,931.0,32.9,9.1,56.0,0.0,0.0,0.9,4.0,13.0,0.0,167.0,1.9,48.0,254.0,0.05,7.0,3.0,3.0,3.0,0.0,0.0,0.0,2.55,0.0,0.293510453355734,0.2415133613673197,4,Almoço|Jantar
365,Carnes e derivados,"Carne, bovina, língua, cozida",53.4,315.0,1318.0,21.4,24.8,105.0,0.0,0.0,0.7,6.0,12.0,0.01,136.0,2.1,59.0,175.0,0.08,4.1,0.0,0.0,0.0,0.0,0.08,0.0,1.83,0.0,0.2927823847790472,-0.0391046744594204,4,Almoço|Jantar
368,Carnes e derivados,"Carne, bovina, maminha, grelhada",65.3,153.0,641.0,30.7,2.4,88.0,0.0,0.0,1.4,4.0,21.0,0.0,237.0,2.4,58.0,386.0,0.08,5.6,0.0,0.0,0.0,0.0,0.04,0.13,1.46,0.0,0.0997880073651849,0.6154913928628727,4,Almoço|Jantar
370,Carnes e derivados,"Carne, bovina, miolo de alcatra, sem gordura, grelhado",52.4,241.0,1010.0,31.9,11.6,92.0,0.0,0.0,1.2,5.0,26.0,0.02,279.0,3.2,52.0,385.0,0.11,4.8,0.0,0.0,0.0,0.03,0.05,0.05,4.66,0.0,0.7014142612992389,0.0966276318988586,4,Almoço|Jantar
371,Carnes e derivados,"Carne, bovina, músculo, sem gordura, cozido",62.8,194.0,811.0,31.2,6.7,56.0,0.0,0.0,0.9,5.0,13.0,0.0,176.0,2.4,62.0,253.0,0.08,6.4,2.0,2.0,2.0,0.0,0.0,0.0,1.97,0.0,0.0966441013158691,0.421741832847113,4,Almoço|Jantar
374,Carnes e derivados,"Carne, bovina, paleta, sem gordura, cozida",62.9,194.0,810.0,29.7,7.4,56.0,0.0,0.0,0.8,6.0,18.0,0.0,197.0,2.2,58.0,250.0,0.1,6.8,0.0,0.0,0.0,0.03,0.04,0.0,2.16,0.0,0.2411024872871573,0.4021946102599749,4,Almoço|Jantar
377,Carnes e derivados,"Carne, bovina, patinho, sem gordura, grelhado",55.2,219.0,917.0,35.9,7.3,126.0,0.0,0.0,1.3,5.0,27.0,0.02,289.0,3.0,60.0,421.0,0.12,8.1,0.0,0.0,0.0,0.04,0.03,0.0,3.01,0.0,0.9529510048630196,0.1982612566409659,4,Almoço|Jantar
378,Carnes e derivados,"Carne, bovina, peito, sem gordura, cozido",51.2,338.0,1416.0,22.2,27.0,100.0,0.0,0.0,0.7,4.0,14.0,0.0,136.0,1.6,56.0,204.0,0.05,3.9,0.0,0.0,0.0,0.0,0.3,0.0,4.54,0.0,0.7520055063895189,-0.0104964931073608,4,Almoço|Jantar
381,Carnes e derivados,"Carne, bovina, picanha, com gordura, grelhada",53.4,289.0,1208.0,26.4,19.5,92.0,0.0,0.0,1.1,4.0,24.0,0.0,246.0,3.2,60.0,355.0,0.14,5.5,0.0,0.0,0.0,0.03,0.06,0.13,1.6,0.0,0.6972651684813505,-0.1313013694562948,4,Almoço|Jantar
383,Carnes e derivados,"Carne, bovina, picanha, sem gordura, grelhada",54.6,238.0,998.0,31.9,11.3,100.0,0.0,0.0,1.2,4.0,25.0,0.02,282.0,3.6,61.0,377.0,0.17,6.7,0.0,0.0,0.0,0.0,0.08,0.03,1.82,0.0,0.8113867122367446,0.1436110898143545,4,Almoço|Jantar
384,Carnes e derivados,"Carne, bovina, seca, cozida",47.2,313.0,1309.0,26.9,21.9,100.0,0.0,0.0,4.7,13.0,12.0,0.02,82.0,1.9,1943.0,86.0,0.03,7.7,0.0,0.0,0.0,0.0,0.06,0.0,2.32,0.0,0.6535532893855718,-0.1939391389096995,4,Almoço|Jantar
386,Carnes e derivados,"Coxinha de frango, frita",42.2,283.0,1184.0,9.6,11.8,15.0,34.5,5.0,1.8,18.0,17.0,0.28,93.0,1.3,532.0,166.0,0.09,0.5,0.0,0.0,0.0,0.09,0.0,0.0,2.6,0.0,-0.2913124115240141,-0.4716756539033152,1,Almoço|Jantar
388,Carnes e derivados,"Croquete, de carne, frito",39.2,347.0,1451.0,16.9,22.7,38.0,18.1,0.0,3.1,18.0,30.0,0.39,176.0,2.3,916.0,313.0,0.09,3.3,0.0,0.0,0.0,0.14,0.04,0.0,4.77,0.0,0.6263481117484276,-0.7149700533250117,4,Almoço|Jantar
389,Carnes e derivados,"Empada de frango, pré-cozida, assada",28.2,358.0,1499.0,6.9,15.6,23.0,47.5,2.2,1.8,16.0,18.0,0.32,78.0,1.2,525.0,138.0,0.07,0.6,0.0,0.0,0.0,0.12,0.0,0.0,0.0,0.0,-0.1599031012891114,-0.9045450616473734,1,Almoço|Jantar
390,Carnes e derivados,"Empada, de frango, pré-cozida",32.0,377.0,1579.0,7.3,22.9,23.0,35.5,2.2,2.2,14.0,17.0,0.25,78.0,0.7,771.0,156.0,0.09,0.5,0.0,0.0,0.0,0.11,0.0,0.03,0.0,0.0,-0.1594830076188962,-0.8886327836035212,1,Almoço|Jantar
392,Carnes e derivados,"Frango, caipira, inteiro, com pele, cozido",59.7,243.0,1016.0,23.9,15.6,110.0,0.0,0.0,0.8,17.0,18.0,0.01,162.0,1.7,56.0,210.0,0.08,1.7,16.0,16.0,16.0,0.03,0.0,0.0,6.33,0.0,0.0048486371109427,0.3497338571651777,4,Almoço|Jantar
393,Carnes e derivados,"Frango, caipira, inteiro, sem pele, cozido",61.4,196.0,819.0,29.6,7.7,106.0,0.0,0.0,1.1,66.0,23.0,0.02,210.0,2.1,53.0,224.0,0.15,2.7,6.0,6.0,6.0,0.03,0.03,0.0,9.2,0.0,0.3599291213360429,0.5175440219563244,4,Almoço|Jantar
395,Carnes e derivados,"Frango, coração, grelhado",63.5,207.0,867.0,22.4,12.1,280.0,0.6,0.0,1.3,8.0,20.0,0.06,276.0,6.5,128.0,243.0,0.3,3.4,0.0,0.0,0.0,0.2,0.19,0.0,9.7,0.0,1.182662172469535,0.7035340200327432,4,Almoço|Jantar
396,Carnes e derivados,"Frango, coxa, com pele, assada",59.8,215.0,900.0,28.5,10.4,145.0,0.1,0.0,1.3,8.0,14.0,0.0,251.0,1.2,95.0,318.0,0.05,2.6,6.0,6.0,6.0,0.05,0.05,0.0,10.4,0.0,0.43717085534316,0.5176062933246813,4,Almoço|Jantar
398,Carnes e derivados,"Frango, coxa, sem pele, cozida",66.7,167.0,701.0,26.9,5.8,133.0,0.0,0.0,0.9,12.0,11.0,0.0,187.0,0.8,64.0,191.0,0.03,2.8,0.0,0.0,0.0,0.07,0.0,0.0,8.2,0.0,-0.0852337466450274,0.7694600036209164,4,Almoço|Jantar
401,Carnes e derivados,"Frango, filé, à milanesa",54.9,221.0,924.0,28.5,7.8,84.0,7.5,1.1,1.3,9.0,35.0,0.06,249.0,1.1,122.0,408.0,0.05,0.8,7.0,7.0,7.0,0.05,0.04,0.52,11.07,0.0,0.5451184474552017,0.0739097674539802,4,Almoço|Jantar
403,Carnes e derivados,"Frango, inteiro, sem pele, assado",63.2,187.0,784.0,28.0,7.5,111.0,0.0,0.0,1.2,9.0,14.0,0.0,233.0,0.6,70.0,283.0,0.03,1.6,0.0,0.0,0.0,0.09,0.0,0.0,11.2,0.0,0.0824816469373783,0.6131775390099213,4,Almoço|Jantar
404,Carnes e derivados,"Frango, inteiro, sem pele, cozido",67.5,170.0,713.0,25.0,7.1,99.0,0.0,0.0,0.9,8.0,12.0,0.0,194.0,0.5,51.0,217.0,0.04,1.2,0.0,0.0,0.0,0.1,0.0,0.0,12.83,0.0,-0.087213418777489,0.7395011560758806,4,Almoço|Jantar
406,Carnes e derivados,"Frango, peito, com pele, assado",58.5,212.0,886.0,33.4,7.6,109.0,0.0,0.0,1.5,8.0,18.0,0.01,297.0,0.5,56.0,380.0,0.01,1.0,6.0,6.0,6.0,0.12,0.0,0.0,15.8,0.0,0.5365142700555869,0.4386858496447444,4,Almoço|Jantar
408,Carnes e derivados,"Frango, peito, sem pele, cozido",65.6,163.0,681.0,31.5,3.2,89.0,0.0,0.0,1.0,6.0,14.0,0.0,224.0,0.3,36.0,231.0,0.02,0.9,0.0,0.0,0.0,0.1,0.0,0.0,7.6,0.0,-0.2760641462615544,0.7662591403973285,4,Almoço|Jantar
410,Carnes e derivados,"Frango, peito, sem pele, grelhado",63.8,159.0,666.0,32.0,2.5,89.0,0.0,0.0,1.4,5.0,18.0,0.0,295.0,0.3,50.0,387.0,0.02,0.8,0.0,0.0,0.0,0.11,0.0,0.0,24.83,0.0,0.6672869430082248,0.6880242093102444,4,Almoço|Jantar
411,Carnes e derivados,"Frango, sobrecoxa, com pele, assada",55.0,260.0,1086.0,28.7,15.2,158.0,0.0,0.0,1.3,11.0,15.0,0.0,252.0,1.2,96.0,323.0,0.06,2.2,8.0,8.0,8.0,0.1,0.05,0.0,11.2,0.0,0.670403047222363,0.2891853601878177,4,Almoço|Jantar
413,Carnes e derivados,"Frango, sobrecoxa, sem pele, assada",55.6,233.0,974.0,29.2,12.0,145.0,0.0,0.0,1.5,12.0,17.0,0.0,281.0,1.2,106.0,382.0,0.07,2.2,11.0,11.0,11.0,0.1,0.05,0.0,10.2,0.0,0.5777513662412427,0.3829087147682005,4,Almoço|Jantar
416,Carnes e derivados,"Hambúrguer, bovino, frito",52.5,258.0,1081.0,20.0,17.0,49.0,6.3,0.0,4.2,62.0,60.0,0.52,324.0,3.0,1252.0,660.0,0.17,3.2,0.0,0.0,0.0,0.13,0.06,0.0,2.73,0.0,0.6890222977287264,-0.3468082379872307,4,Almoço|Jantar
417,Carnes e derivados,"Hambúrguer, bovino, grelhado",59.2,210.0,878.0,13.2,12.4,59.0,11.3,0.0,3.9,56.0,48.0,0.4,263.0,2.6,1090.0,538.0,0.18,3.0,0.0,0.0,0.0,0.18,0.06,0.0,5.77,0.0,0.3747434373322733,0.0092518367535998,4,Almoço|Jantar
419,Carnes e derivados,"Lingüiça, frango, frita",59.6,245.0,1027.0,18.3,18.5,76.0,0.0,0.0,3.8,15.0,29.0,0.1,262.0,0.8,1374.0,364.0,0.04,1.2,0.0,0.0,0.0,0.11,0.05,0.0,5.67,0.0,0.0240791826306565,0.1551902029519551,4,Almoço|Jantar
420,Carnes e derivados,"Lingüiça, frango, grelhada",58.6,244.0,1019.0,18.2,18.4,80.0,0.0,0.0,3.8,14.0,21.0,0.1,228.0,0.7,1351.0,356.0,0.09,1.0,0.0,0.0,0.0,0.12,0.04,0.0,5.97,0.0,-0.0515686324230746,0.2251325281239845,4,Almoço|Jantar
422,Carnes e derivados,"Lingüiça, porco, frita",54.6,280.0,1170.0,20.5,21.3,75.0,0.0,0.0,3.9,8.0,18.0,0.01,211.0,0.9,1432.0,409.0,0.06,3.1,0.0,0.0,0.0,0.41,0.07,0.0,5.83,0.0,0.4081506726144806,-0.065603429313461,4,Almoço|Jantar
423,Carnes e derivados,"Lingüiça, porco, grelhada",50.5,296.0,1241.0,23.2,21.9,82.0,0.0,0.0,4.0,8.0,19.0,0.01,210.0,1.0,1456.0,427.0,0.07,3.5,0.0,0.0,0.0,0.4,0.07,0.0,6.6,0.0,0.6253830892809806,-0.1693740185770678,4,Almoço|Jantar
424,Carnes e derivados,Mortadela,56.4,269.0,1125.0,12.0,21.6,83.0,5.8,0.0,4.1,67.0,19.0,0.11,216.0,1.5,1212.0,247.0,0.08,1.0,25.0,0.0,0.0,0.14,0.06,0.0,3.0,0.0,-0.0763698360641347,0.0321934644523544,4,Almoço|Jantar
425,Carnes e derivados,"Peru, congelado, assado",65.3,163.0,682.0,26.2,5.7,91.0,0.0,0.0,2.2,14.0,12.0,0.02,197.0,0.6,628.0,175.0,0.03,1.2,0.0,0.0,0.0,0.06,0.0,0.0,6.23,0.0,-0.4132837675185731,0.7482992936016546,4,Almoço|Jantar
428,Carnes e derivados,"Porco, bisteca, frita",47.3,311.0,1302.0,33.7,18.5,126.0,0.0,0.0,1.6,69.0,29.0,0.01,290.0,0.8,63.0,404.0,0.07,2.2,10.0,10.0,10.0,0.34,0.0,0.0,3.25,0.0,0.7203953026097957,-0.2236217864132298,4,Almoço|Jantar
429,Carnes e derivados,"Porco, bisteca, grelhada",51.8,280.0,1172.0,28.9,17.4,82.0,0.0,0.0,1.2,34.0,25.0,0.0,229.0,0.9,51.0,366.0,0.06,2.3,0.0,0.0,0.0,0.77,0.14,0.03,1.92,0.0,0.595171564686844,-0.1025052423441629,4,Almoço|Jantar
430,Carnes e derivados,"Porco, costela, assada",36.9,402.0,1683.0,30.2,30.3,113.0,0.0,0.0,1.4,17.0,14.0,0.0,201.0,1.0,63.0,246.0,0.07,3.1,0.0,0.0,0.0,0.71,0.05,0.0,10.63,0.0,1.4146711635206248,-0.7443208578250657,4,Almoço|Jantar
432,Carnes e derivados,"Porco, lombo, assado",56.6,210.0,880.0,35.7,6.4,103.0,0.0,0.0,1.4,20.0,18.0,0.0,238.0,0.5,39.0,311.0,0.03,1.8,0.0,0.0,0.0,0.75,0.07,0.11,12.43,0.0,0.7653997123223879,0.2886546643346189,4,Almoço|Jantar
435,Carnes e derivados,"Porco, pernil, assado",49.3,262.0,1097.0,32.1,13.9,110.0,0.0,0.0,1.4,18.0,27.0,0.01,247.0,1.3,62.0,395.0,0.09,3.3,0.0,0.0,0.0,0.77,0.09,0.0,6.57,0.0,0.9427222302293792,-0.0613206313340205,4,Almoço|Jantar
438,Carnes e derivados,"Presunto, com capa de gordura",73.9,128.0,535.0,14.4,6.8,40.0,1.4,0.0,3.5,12.0,17.0,0.04,274.0,0.7,1021.0,295.0,0.04,1.3,0.0,0.0,0.0,0.62,0.03,0.0,3.78,0.0,-0.5508338532467847,0.659528096216169,4,Almoço|Jantar
439,Carnes e derivados,"Presunto, sem capa de gordura",77.2,94.0,392.0,14.3,2.7,36.0,2.1,0.0,3.7,23.0,18.0,0.04,244.0,0.8,1039.0,307.0,0.04,1.5,0.0,0.0,0.0,0.5,0.03,0.0,4.0,0.0,-0.725926975045604,0.8608954979656724,0,Almoço|Jantar
440,Carnes e derivados,"Quibe, assado",69.0,136.0,570.0,14.6,2.7,34.0,12.9,1.9,0.9,16.0,36.0,0.76,174.0,2.2,40.0,288.0,0.51,4.1,0.0,0.0,0.0,0.04,0.04,0.0,1.81,0.0,-0.0969315578670253,0.5513658288585572,4,Almoço|Jantar
442,Carnes e derivados,"Quibe, frito",54.0,254.0,1062.0,14.9,15.8,38.0,12.3,0.0,3.0,22.0,39.0,0.72,166.0,2.0,836.0,322.0,0.16,2.8,0.0,0.0,0.0,0.12,0.1,0.0,1.5,0.0,0.1459138981624454,-0.1265657019787207,4,Almoço|Jantar
443,Carnes e derivados,Salame,34.7,398.0,1665.0,25.8,30.6,85.0,2.9,0.0,5.9,87.0,30.0,0.03,354.0,1.3,1574.0,548.0,0.05,3.2,0.0,0.0,0.0,0.88,0.23,0.0,12.49,0.0,2.070179721346661,-0.9605583004395404,4,Almoço|Jantar
445,Carnes e derivados,"Toucinho, frito",6.3,697.0,2914.0,27.3,64.3,89.0,0.0,0.0,0.7,9.0,9.0,0.01,95.0,0.9,125.0,171.0,0.1,0.8,0.0,0.0,0.0,0.0,0.0,0.0,5.03,0.0,1.5363784633857809,-2.103056601335733,1,Almoço|Jantar
446,Leite e derivados,"Bebida láctea, pêssego",87.7,55.0,231.0,2.1,1.9,5.0,7.6,0.3,0.7,89.0,9.0,0.0,63.0,0.0,46.0,62.0,0.02,0.2,0.0,0.0,0.0,0.03,0.14,0.0,0.33,2.1,-1.738996011994146,1.3651516315127907,0,Café da Manhã
447,Leite e derivados,Creme de Leite,70.9,221.0,927.0,1.5,22.5,66.0,4.5,0.0,0.6,83.0,8.0,0.01,118.0,0.3,52.0,119.0,0.02,0.3,128.0,0.0,0.0,0.0,0.1,0.0,0.0,0.0,-0.9326739969893054,0.5605941001752429,0,Café da Manhã
448,Leite e derivados,"Iogurte, natural",90.0,51.0,215.0,4.1,3.0,14.0,1.9,0.0,0.9,143.0,11.0,0.0,119.0,0.0,52.0,71.0,0.02,0.4,23.0,0.0,0.0,0.04,0.22,0.0,0.0,0.9,-1.4840787360246457,1.4508396113010986,0,Café da Manhã|Merenda
449,Leite e derivados,"Iogurte, natural, desnatado",89.2,41.0,174.0,3.8,0.3,3.0,5.8,0.0,0.9,157.0,12.0,0.0,110.0,0.0,60.0,182.0,0.0,0.5,0.0,0.0,0.0,0.0,0.22,0.0,0.0,0.3,-1.5406844922129863,1.436822707677906,0,Café da Manhã|Merenda
450,Leite e derivados,"Iogurte, sabor abacaxi",0.0,0.0,0.0,0.0,0.0,6.0,0.0,0.0,0.0,0.0,0.0,0.0,0.0,0.0,0.0,0.0,0.0,0.0,0.0,0.0,0.0,0.0,0.0,0.0,0.0,0.0,-1.7606417083277583,0.7929917956619043,0,Café da Manhã|Merenda
451,Leite e derivados,"Iogurte, sabor morango",84.6,70.0,291.0,2.7,2.3,7.0,9.7,0.2,0.6,101.0,8.0,0.0,73.0,0.0,38.0,52.0,0.02,0.3,27.0,0.0,0.0,0.03,0.12,0.02,0.0,0.0,-1.652716114670012,1.2539727529352156,0,Café da Manhã|Merenda
452,Leite e derivados,"Iogurte, sabor pêssego",85.1,68.0,284.0,2.5,2.3,8.0,9.4,0.7,0.6,95.0,8.0,0.0,66.0,0.1,37.0,52.0,0.02,0.3,21.0,0.0,0.0,0.02,0.1,0.0,0.38,0.0,-1.6817986976747223,1.2471458629690833,0,Café da Manhã|Merenda
453,Leite e derivados,"Leite, condensado",27.0,313.0,1308.0,7.7,6.7,28.0,57.0,0.0,1.6,246.0,22.0,0.0,187.0,0.1,94.0,329.0,0.03,0.9,53.0,0.0,0.0,0.06,0.33,0.57,0.0,2.1,0.5962639012335818,-0.7151644437042929,1,Café da Manhã
454,Leite e derivados,"Leite, de cabra",87.1,66.0,278.0,3.1,3.8,14.0,5.2,0.0,0.9,112.0,10.0,0.0,113.0,0.1,74.0,140.0,0.04,0.4,35.0,0.0,0.0,0.0,0.14,0.0,0.0,0.0,-1.5614713237966804,1.3227955253436865,0,Café da Manhã
455,Leite e derivados,"Leite, de vaca, achocolatado",80.9,83.0,347.0,2.1,2.2,6.0,14.2,0.6,0.7,70.0,13.0,0.05,71.0,0.5,72.0,155.0,0.04,0.3,39.0,0.0,0.0,0.07,0.29,0.14,1.23,3.3,-1.2122334222840758,1.1882871988228254,0,Café da Manhã
456,Leite e derivados,"Leite, de vaca, desnatado, pó",3.1,362.0,1513.0,34.7,0.9,25.0,53.0,0.0,8.2,1363.0,109.0,0.0,1673.0,0.9,432.0,1556.0,0.16,3.8,299.0,0.0,0.0,0.32,1.2,0.0,0.81,0.0,6.339297039392493,-1.9549143602684944,4,Café da Manhã
457,Leite e derivados,"Leite, de vaca, desnatado, UHT",0.0,0.0,0.0,0.0,0.0,4.0,0.0,0.0,0.8,134.0,10.0,0.0,85.0,0.0,51.0,140.0,0.02,0.4,0.0,0.0,0.0,0.04,0.26,0.0,1.49,0.0,-1.0014979907624446,0.7990820903969855,0,Café da Manhã
458,Leite e derivados,"Leite, de vaca, integral",0.0,0.0,0.0,0.0,0.0,10.0,0.0,0.0,0.8,123.0,10.0,0.0,82.0,0.0,64.0,133.0,0.02,0.4,21.0,0.0,0.0,0.04,0.24,0.0,1.52,0.0,-1.023084717668472,0.810223833036812,0,Café da Manhã
459,Leite e derivados,"Leite, de vaca, integral, pó",2.7,497.0,2078.0,25.4,26.9,85.0,39.2,0.0,5.8,890.0,77.0,0.0,1242.0,0.5,323.0,1132.0,0.11,2.7,361.0,0.0,0.0,0.24,1.03,0.0,0.0,0.0,5.139978824805824,-1.9208477455615307,4,Café da Manhã
460,Leite e derivados,"Leite, fermentado",81.9,70.0,291.0,1.9,0.1,2.0,15.7,0.0,0.5,72.0,6.0,0.02,63.0,0.0,33.0,94.0,0.01,0.3,0.0,0.0,0.0,0.08,0.11,0.0,0.0,0.5,-1.7144754221418934,1.2016254333371688,0,Café da Manhã
461,Leite e derivados,"Queijo, minas, frescal",56.1,264.0,1106.0,17.4,20.2,62.0,3.2,0.0,3.0,579.0,7.0,0.02,123.0,0.9,31.0,105.0,0.0,0.3,161.0,0.0,0.0,0.0,0.25,0.0,0.0,0.0,0.1947452977962958,0.1262851300430014,4,Café da Manhã
462,Leite e derivados,"Queijo, minas, meia cura",47.1,321.0,1342.0,21.2,24.6,76.0,3.6,0.0,3.5,696.0,27.0,0.02,403.0,0.2,501.0,120.0,0.07,2.7,111.0,0.0,0.0,0.03,0.32,0.0,0.0,0.0,1.434081604677215,-0.4659667080181974,4,Café da Manhã
463,Leite e derivados,"Queijo, mozarela",45.3,330.0,1380.0,22.6,25.2,80.0,3.0,0.0,3.8,875.0,24.0,0.03,470.0,0.3,581.0,62.0,0.08,3.5,109.0,0.0,0.0,0.0,0.2,0.0,0.0,0.0,1.6658356047594514,-0.7296540827677599,4,Café da Manhã
464,Leite e derivados,"Queijo, parmesão",21.2,453.0,1895.0,35.6,33.5,106.0,1.7,0.0,8.0,992.0,33.0,0.05,745.0,0.5,1844.0,96.0,0.17,4.4,66.0,0.0,0.0,0.0,0.44,0.23,0.0,0.0,3.4865389073670783,-1.5696182755811023,4,Café da Manhã
465,Leite e derivados,"Queijo, pasteurizado",54.4,303.0,1268.0,9.4,27.4,82.0,5.7,0.0,3.1,323.0,16.0,0.01,578.0,0.3,780.0,194.0,0.05,1.3,57.0,0.0,0.0,0.0,0.2,0.0,0.0,0.0,0.6863906874549988,-0.2696892385630561,4,Café da Manhã
466,Leite e derivados,"Queijo, petit suisse, morango",72.2,121.0,507.0,5.8,2.8,12.0,18.5,0.0,0.7,731.0,27.0,0.02,448.0,0.1,412.0,121.0,0.01,2.7,273.0,0.0,0.0,0.22,0.27,0.21,2.68,0.0,0.627097624869954,0.3234813441738959,4,Café da Manhã
467,Leite e derivados,"Queijo, prato",42.4,360.0,1506.0,22.7,29.1,91.0,1.9,0.0,3.9,940.0,28.0,0.03,461.0,0.3,580.0,73.0,0.1,3.5,123.0,0.0,0.0,0.0,0.22,0.0,0.0,0.0,1.91113113782916,-0.8969380757964083,4,Café da Manhã
468,Leite e derivados,"Queijo, requeijão, cremoso",62.5,257.0,1074.0,9.6,23.4,74.0,2.4,0.0,2.0,259.0,12.0,0.02,448.0,0.1,558.0,93.0,0.05,1.3,195.0,0.0,0.0,0.0,0.19,0.0,0.0,0.0,0.2372394324567919,0.1934807728967561,4,Café da Manhã
469,Leite e derivados,"Queijo, ricota",73.6,140.0,585.0,12.6,8.1,49.0,3.8,0.0,1.9,253.0,12.0,0.0,162.0,0.1,283.0,112.0,0.0,0.5,53.0,0.0,0.0,0.0,0.15,0.0,0.0,0.0,-0.8300482577344898,0.8527493512279916,0,Café da Manhã
470,Bebidas (alcoólicas e não alcoólicas),"Bebida isotônica, sabores variados",93.5,26.0,107.0,0.0,0.0,0.0,6.4,0.0,0.1,1.0,0.0,0.0,9.0,0.7,44.0,13.0,0.0,0.0,0.0,0.0,0.0,0.0,0.0,0.0,0.0,0.0,-2.329030265137034,1.5525078483788175,0,Café da Manhã|Merenda
471,Bebidas (alcoólicas e não alcoólicas),"Café, infusão 10%",97.4,9.0,38.0,0.7,0.1,0.0,1.5,0.0,0.4,3.0,10.0,0.04,9.0,0.0,1.0,156.0,0.01,0.0,0.0,0.0,0.0,0.0,0.0,0.0,0.0,0.0,-2.3665554951987664,1.6471778477366803,0,Café da Manhã|Merenda
472,Bebidas (alcoólicas e não alcoólicas),"Cana, aguardente 1",0.0,216.0,902.0,0.0999999999999999,0.0153846153846153,0.0,6.546153846153846,0.0,0.0,0.0,0.0,0.0,0.0,0.0,3.0,0.0,0.06,0.0,0.0,0.0,0.0,0.0,0.0,0.0,0.0,0.0,-1.180931104118052,0.0441880878727931,0,Café da Manhã|Merenda
473,Bebidas (alcoólicas e não alcoólicas),"Cana, caldo de",81.7,65.0,273.0,0.0,0.0,0.0,18.2,0.1,0.1,9.0,12.0,0.21,5.0,0.8,0.0,18.0,0.01,0.1,0.0,0.0,0.0,0.0,0.0,0.03,0.0,2.8,-1.9816994035377475,1.1203788632611944,0,Café da Manhã|Merenda
474,Bebidas (alcoólicas e não alcoólicas),"Cerveja, pilsen 2",92.4,41.0,170.0,0.6,0.0,0.0,3.3,0.0,0.1,5.0,7.0,0.01,19.0,0.0,4.0,29.0,0.0,0.0,0.0,0.0,0.0,0.0,0.0,0.14,2.92,0.0,-2.0743671144955966,1.4444328633302037,0,Café da Manhã|Merenda
475,Bebidas (alcoólicas e não alcoólicas),"Chá, erva-doce, infusão 5%",99.6,1.0,6.0,0.0,0.0,0.0,0.4,0.0,0.0,2.0,1.0,0.01,1.0,0.0,1.0,10.0,0.01,0.0,0.0,0.0,0.0,1.23,0.23,0.0,0.0,0.0,-1.7556392052836205,1.6093955091669152,0,Café da Manhã|Merenda
476,Bebidas (alcoólicas e não alcoólicas),"Chá, mate, infusão 5%",99.3,3.0,11.0,0.0,0.1,0.0,0.6,0.0,0.0,1.0,2.0,0.27,0.0,0.0,0.0,5.0,0.0,0.0,0.0,0.0,0.0,0.89,0.0,0.0,0.0,0.0,-2.130519443289974,1.4763062203630146,0,Café da Manhã|Merenda
477,Bebidas (alcoólicas e não alcoólicas),"Chá, preto, infusão 5%",99.4,2.0,9.0,0.0,0.0,0.0,0.6,0.0,0.0,0.0,1.0,0.09,2.0,0.0,0.0,13.0,0.0,0.0,0.0,0.0,0.0,3.11,0.48,0.0,0.0,0.0,-0.7622832976958914,1.288581063567584,0,Café da Manhã|Merenda
478,Bebidas (alcoólicas e não alcoólicas),"Coco, água de",94.3,22.0,90.0,0.0,0.0,0.0,5.3,0.1,0.5,19.0,5.0,0.25,4.0,0.0,2.0,162.0,0.0,0.0,0.0,0.0,0.0,0.01,0.0,0.0,0.0,2.4,-2.298692647981097,1.526186802826661,0,Café da Manhã|Merenda
479,Bebidas (alcoólicas e não alcoólicas),"Refrigerante, tipo água tônica",92.0,31.0,129.0,0.0,0.0,0.0,8.0,0.0,0.0,1.0,0.0,0.0,0.0,0.0,8.0,2.0,0.0,0.0,0.0,0.0,0.0,0.0,0.0,0.0,0.0,0.0,-2.3397596910754106,1.531129482345605,0,Café da Manhã|Merenda
480,Bebidas (alcoólicas e não alcoólicas),"Refrigerante, tipo cola",91.3,34.0,140.0,0.0,0.0,0.0,8.7,0.0,0.1,1.0,0.0,0.0,17.0,0.0,7.0,1.0,0.0,0.0,0.0,0.0,0.0,0.0,0.0,0.0,0.0,0.0,-2.301829998105647,1.5017857249100166,0,Café da Manhã|Merenda
481,Bebidas (alcoólicas e não alcoólicas),"Refrigerante, tipo guaraná",90.0,39.0,162.0,0.0,0.0,0.0,10.0,0.0,0.0,1.0,0.0,0.0,0.0,0.0,9.0,1.0,0.0,0.0,0.0,0.0,0.0,0.0,0.0,0.0,0.0,0.0,-2.297928211661369,1.4702379539438415,0,Café da Manhã|Merenda
482,Bebidas (alcoólicas e não alcoólicas),"Refrigerante, tipo laranja",88.2,46.0,191.0,0.0,0.0,0.0,11.8,0.0,0.0,2.0,1.0,0.0,1.0,0.0,9.0,16.0,0.0,0.0,0.0,0.0,0.0,0.0,0.0,0.0,0.0,0.0,-2.252950478586564,1.41009175976289,0,Café da Manhã|Merenda
483,Bebidas (alcoólicas e não alcoólicas),"Refrigerante, tipo limão",89.7,40.0,166.0,0.0,0.0,0.0,10.3,0.0,0.0,2.0,1.0,0.0,0.0,0.0,9.0,4.0,0.0,0.0,0.0,0.0,0.0,0.0,0.0,0.0,0.0,0.0,-2.286227804519039,1.4566735848012589,0,Café da Manhã|Merenda
484,Ovos e derivados,"Omelete, de queijo",60.5,268.0,1121.0,15.6,22.0,384.0,0.4,0.0,1.5,166.0,14.0,0.03,314.0,1.4,216.0,127.0,0.03,1.4,59.0,0.0,0.0,0.03,0.24,0.0,0.0,0.0,0.6611181056022547,0.6600609979078141,4,Café da Manhã
486,Ovos e derivados,"Ovo, de galinha, clara, cozida/10minutos",85.2,59.0,249.0,13.4,0.1,0.0,0.0,0.0,0.7,6.0,11.0,0.0,15.0,0.1,181.0,146.0,0.03,0.0,0.0,0.0,0.0,0.0,0.08,0.0,0.0,0.0,-1.8258382077836968,1.436133661928351,0,Café da Manhã
487,Ovos e derivados,"Ovo, de galinha, gema, cozida/10minutos",50.0,353.0,1476.0,15.9,30.8,1272.0,1.6,0.0,1.7,114.0,9.0,0.06,386.0,2.9,45.0,87.0,0.0,2.9,148.0,0.0,0.0,0.18,0.22,0.0,0.0,0.0,2.6781774929679263,1.4058889048341474,4,Café da Manhã
488,Ovos e derivados,"Ovo, de galinha, inteiro, cozido/10minutos",75.8,146.0,610.0,13.3,9.5,397.0,0.6,0.0,0.8,49.0,11.0,0.02,184.0,1.5,146.0,139.0,0.04,1.2,32.0,0.0,0.0,0.08,0.3,0.0,0.0,0.0,-0.0857588040737567,1.5298475922638617,4,Café da Manhã
490,Ovos e derivados,"Ovo, de galinha, inteiro, frito",63.5,240.0,1005.0,15.6,18.6,516.0,1.2,0.0,1.1,73.0,16.0,0.03,422.0,2.1,166.0,184.0,0.04,1.5,94.0,0.0,0.0,0.06,0.32,0.0,0.0,0.0,0.995012724532654,1.0515810753730508,4,Café da Manhã
491,Produtos açucarados,"Achocolatado, pó",1.1,401.0,1678.0,4.2,2.2,0.0,91.2,3.9,1.4,44.0,77.0,0.55,200.0,5.4,65.0,496.0,0.56,1.0,796.0,0.0,0.0,1.38,1.02,1.52,4.99,0.0,3.9305776708493614,-1.6207218056208543,1,Merenda
492,Produtos açucarados,"Açúcar, cristal",0.1,387.0,1619.0,0.3,0.0,0.0,99.6,0.0,0.0,8.0,1.0,0.0,0.0,0.2,0.0,3.0,0.0,0.0,0.0,0.0,0.0,0.0,0.0,0.0,0.0,0.0,-0.4145490796339789,-1.2496322092995238,1,Merenda
493,Produtos açucarados,"Açúcar, mascavo",3.3,369.0,1542.0,0.8,0.1,0.0,94.5,0.0,1.4,127.0,80.0,2.03,38.0,8.3,25.0,522.0,0.17,0.5,0.0,0.0,0.0,0.0,0.03,0.0,0.0,0.0,0.8376639791815459,-1.9812947944539905,1,Merenda
494,Produtos açucarados,"Açúcar, refinado",0.1,387.0,1617.0,0.3,0.0,0.0,99.5,0.0,0.0,4.0,1.0,0.0,0.0,0.1,12.0,6.0,0.0,0.0,0.0,0.0,0.0,0.0,0.0,0.0,0.0,0.0,-0.4231663146484249,-1.2434453764855264,1,Merenda
495,Produtos açucarados,"Chocolate, ao leite",1.3,540.0,2258.0,7.2,30.3,17.0,59.6,2.2,1.7,191.0,57.0,0.3,212.0,1.6,77.0,355.0,0.31,1.1,0.0,0.0,0.0,0.05,0.22,0.59,0.63,0.0,1.834002902737984,-2.30686586557244,1,Merenda
496,Produtos açucarados,"Chocolate, ao leite, com castanha do Pará",1.2,559.0,2338.0,7.4,34.2,16.0,55.4,2.5,1.8,171.0,80.0,0.36,303.0,1.5,64.0,431.0,0.45,1.3,36.0,0.0,0.0,0.04,0.24,0.0,1.37,1.4,2.090478784958547,-2.2686961179824783,1,Merenda
497,Produtos açucarados,"Chocolate, ao leite, dietético",1.7,557.0,2330.0,6.9,33.8,13.0,56.3,2.8,1.3,188.0,67.0,0.41,276.0,3.3,85.0,458.0,0.43,1.1,7.0,0.0,0.0,0.31,0.25,0.0,0.79,2.0,2.1104453794814786,-2.3398147079230167,1,Merenda
498,Produtos açucarados,"Chocolate, meio amargo",1.0,475.0,1987.0,4.9,29.9,2.0,62.4,4.9,1.8,45.0,107.0,0.83,220.0,3.6,9.0,432.0,0.77,1.5,0.0,0.0,0.0,0.2,0.04,0.0,1.06,2.1,1.869438947557216,-2.3227272230473623,1,Merenda
499,Produtos açucarados,Cocada branca,3.4,449.0,1878.0,1.1,13.6,0.0,81.4,3.6,0.5,7.0,17.0,0.36,396.0,1.2,29.0,183.0,0.2,0.4,0.0,0.0,0.0,0.0,0.0,0.16,0.47,0.0,0.7662415180686847,-1.8674738325128897,1,Merenda
500,Produtos açucarados,"Doce, de abóbora, cremoso",43.9,199.0,832.0,0.9,0.2,0.0,54.6,2.3,0.4,13.0,6.0,0.01,14.0,0.9,0.0,137.0,0.0,0.0,0.0,0.0,0.0,0.08,0.0,0.04,0.0,0.1,-1.1765794960452574,-0.0265411619932967,0,Merenda
501,Produtos açucarados,"Doce, de leite, cremoso",27.5,306.0,1282.0,5.5,6.0,20.0,59.5,0.0,1.5,195.0,16.0,0.01,141.0,0.1,120.0,259.0,0.02,0.5,36.0,36.0,36.0,0.05,0.26,0.0,0.0,0.0,0.0869297584676922,-0.4702638192116444,1,Merenda
502,Produtos açucarados,"Geléia, mocotó, natural",73.5,106.0,444.0,2.1,0.1,0.0,24.2,0.0,0.1,4.0,1.0,0.0,0.0,0.1,43.0,2.0,0.0,0.0,0.0,0.0,0.0,0.19,0.0,0.22,0.0,0.0,-1.7713815956748626,0.8515455891774607,0,Merenda
503,Produtos açucarados,Glicose de milho,20.4,292.0,1222.0,0.0,0.0,0.0,79.4,0.0,0.2,6.0,2.0,0.0,5.0,0.1,59.0,5.0,0.0,0.0,0.0,0.0,0.0,0.0,0.0,0.0,0.0,0.0,-0.8738988990263108,-0.5887235554034296,1,Merenda
504,Produtos açucarados,Maria mole,21.6,301.0,1260.0,3.8,0.2,0.0,73.6,0.7,0.9,13.0,7.0,0.06,4.0,0.4,15.0,24.0,0.2,0.1,0.0,0.0,0.0,0.04,0.0,0.0,0.0,0.0,-0.6327126154935089,-0.5720083865584223,1,Merenda
505,Produtos açucarados,"Maria mole, coco queimado",20.7,307.0,1283.0,3.9,0.1,0.0,75.1,0.6,0.2,19.0,6.0,0.09,5.0,0.5,14.0,36.0,0.03,0.1,0.0,0.0,0.0,0.04,0.0,0.0,0.0,0.0,-0.6764958823313769,-0.672169433401267,1,Merenda
506,Produtos açucarados,Marmelada,28.5,257.0,1076.0,0.4,0.1,0.0,70.8,4.1,0.2,11.0,6.0,0.06,20.0,0.7,11.0,83.0,0.09,0.1,0.0,0.0,0.0,0.0,0.0,0.0,0.0,0.0,-0.8080487591592017,-0.488497144421665,1,Merenda
507,Produtos açucarados,"Mel, de abelha",15.8,309.0,1294.0,0.0,0.0,0.0,84.0,0.0,0.1,10.0,6.0,0.38,4.0,0.3,6.0,99.0,0.0,0.2,0.0,0.0,0.0,0.11,0.0,0.0,0.0,0.7,-0.6374175935358569,-0.8361397928534934,1,Merenda
508,Produtos açucarados,Melado,22.1,297.0,1241.0,0.0,0.0,0.0,76.6,0.0,1.3,102.0,115.0,2.62,74.0,5.4,4.0,395.0,0.84,0.3,0.0,0.0,0.0,0.0,0.05,0.2,0.0,0.0,0.9748867495670268,-1.3847563148245745,1,Merenda
509,Produtos açucarados,Quindim,23.9,411.0,1721.0,4.7,24.4,271.0,46.3,3.2,0.6,37.0,15.0,0.25,168.0,1.4,27.0,111.0,0.1,1.1,76.0,0.0,0.0,0.0,0.04,0.04,1.14,0.0,0.7294598765587483,-0.8248707389033717,1,Merenda
510,Produtos açucarados,Rapadura,7.1,352.0,1473.0,1.0,0.1,0.0,90.8,0.0,1.1,30.0,47.0,1.66,21.0,4.4,22.0,459.0,0.17,0.6,0.0,0.0,0.0,0.0,0.0,0.04,0.0,0.0,0.2604827556182712,-1.5385885187960076,1,Merenda
511,Miscelâneas,"Café, pó, torrado",2.9,419.0,1752.0,14.7,11.9,0.0,65.8,51.2,4.7,107.0,165.0,2.58,169.0,8.1,1.0,1609.0,1.3,0.5,0.0,0.0,0.0,0.0,0.0,0.0,11.89,0.0,4.218648153483848,-3.915448257753293,1,Café da Manhã
512,Miscelâneas,"Capuccino, pó",2.6,417.0,1746.0,11.3,8.6,29.0,73.6,2.4,3.8,467.0,71.0,0.17,358.0,2.3,382.0,886.0,0.0,1.1,52.0,0.0,0.0,0.0,1.41,0.0,0.0,0.0,3.2239571676735856,-1.073069715647073,1,Outros
513,Miscelâneas,"Fermento em pó, químico",7.1,90.0,375.0,0.5,0.1,0.0,43.9,0.0,48.5,0.0,0.0,0.0,0.0,0.0,10052.0,0.0,0.0,0.0,0.0,0.0,0.0,0.0,0.0,0.0,0.0,0.0,-1.4515534626717923,0.0747167243756807,0,Outros
514,Miscelâneas,"Fermento, biológico, levedura, tablete",71.9,90.0,376.0,17.0,1.5,0.0,7.7,4.2,1.9,18.0,38.0,0.2,419.0,2.6,40.0,576.0,0.29,11.0,0.0,0.0,0.0,0.3,0.36,0.0,0.0,0.0,1.1092468894677354,0.4807142426039018,4,Outros
515,Miscelâneas,"Gelatina, sabores variados, pó",1.2,380.0,1591.0,8.9,0.0,0.0,89.2,0.0,0.6,27.0,2.0,0.03,2.0,0.3,235.0,7.0,0.0,0.0,0.0,0.0,0.0,0.0,0.0,0.0,0.0,40.0,-0.330300497764477,-1.1395383251998823,1,Outros
516,Miscelâneas,"Sal, dietético",0.6,0.0,0.0,0.0,0.0,0.0,0.0,0.0,99.4,0.0,0.0,0.0,0.0,0.0,23432.0,20468.0,0.0,0.0,0.0,0.0,0.0,0.0,0.0,0.0,0.0,0.0,-1.1010851884649795,-0.1177965327919126,0,Outros
517,Miscelâneas,"Sal, grosso",0.4,0.0,0.0,0.0,0.0,0.0,0.0,0.0,0.0,0.0,0.0,0.0,0.0,0.0,39943.0,0.0,0.0,0.0,0.0,0.0,0.0,0.0,0.0,0.0,0.0,0.0,-2.089962966251488,0.7347607347986839,0,Outros
518,Miscelâneas,Shoyu,70.6,61.0,255.0,3.3,0.3,0.0,11.6,0.0,14.1,15.0,24.0,0.07,47.0,0.5,5024.0,165.0,0.0,0.2,0.0,0.0,0.0,0.83,0.06,0.15,2.1,0.0,-1.292617734225593,0.7545586155348246,0,Outros
519,Miscelâneas,Tempero a base de sal,7.7,21.0,89.0,2.7,0.3,0.0,2.1,0.6,87.3,0.0,0.0,0.0,0.0,0.0,32560.0,0.0,0.0,0.0,0.0,0.0,0.0,0.0,0.0,0.0,0.0,0.0,-1.8637812233531488,0.4551599033023998,0,Outros
520,Outros alimentos industrializados,"Azeitona, preta, conserva",68.5,194.0,812.0,1.2,20.3,0.0,5.5,4.6,4.5,59.0,5.0,0.06,16.0,5.5,1567.0,79.0,0.25,0.3,0.0,0.0,0.0,0.0,0.0,0.04,0.0,0.0,-1.0098728140963424,0.2562609323169145,0,Outros
521,Outros alimentos industrializados,"Azeitona, verde, conserva",76.3,137.0,573.0,0.9,14.2,0.0,4.1,3.8,4.5,46.0,4.0,0.03,5.0,0.2,1347.0,20.0,0.14,0.1,0.0,0.0,0.0,0.0,0.0,0.0,0.0,0.0,-1.6145205250968726,0.757703941792019,0,Outros
522,Outros alimentos industrializados,"Chantilly, spray, com gordura vegetal",55.1,315.0,1318.0,0.5,27.3,0.0,16.9,0.0,0.2,2.0,1.0,0.0,16.0,0.0,110.0,5.0,0.01,0.1,0.0,0.0,0.0,0.07,0.0,0.0,0.0,0.0,-1.064836462025196,-0.1563829763837993,0,Outros
523,Outros alimentos industrializados,"Leite, de coco",78.0,166.0,695.0,1.0,18.4,0.0,2.2,0.7,0.4,6.0,17.0,0.24,26.0,0.5,44.0,144.0,0.16,0.3,0.0,0.0,0.0,0.0,0.0,0.0,0.0,0.0,-1.4750639528324212,0.6815407372637847,0,Outros
524,Outros alimentos industrializados,"Maionese, tradicional com ovos",58.4,302.0,1264.0,0.6,30.5,42.0,7.9,0.0,2.6,3.0,1.0,0.0,14.0,0.1,787.0,16.0,0.0,0.1,8.0,0.0,0.0,0.0,0.05,0.0,0.0,0.0,-1.028325880121811,0.0591272568520277,0,Outros
525,Alimentos preparados,Acarajé,50.5,289.0,1210.0,8.3,19.9,25.0,19.1,9.4,2.1,124.0,51.0,0.59,142.0,1.9,305.0,354.0,0.23,1.2,0.0,0.0,0.0,0.06,0.0,0.0,0.0,0.0,0.1764676699462695,-0.7654801487015475,1,Outros
526,Alimentos preparados,Arroz carreteiro,68.0,154.0,643.0,10.8,7.1,36.0,11.6,1.5,2.4,13.0,9.0,0.18,48.0,1.0,1622.0,87.0,0.08,2.7,0.0,0.0,0.0,0.03,0.0,0.07,1.6,0.0,-0.9227817522700926,0.5834614916928869,0,Almoço|Jantar
527,Alimentos preparados,"Baião de dois, arroz e feijão-de-corda",69.1,136.0,568.0,6.2,3.2,4.0,20.4,5.1,1.1,33.0,19.0,0.27,72.0,0.6,93.0,157.0,0.08,0.6,0.0,0.0,0.0,0.04,0.0,0.04,0.0,0.0,-1.1913288729686866,0.4663706498424361,0,Almoço|Jantar
528,Alimentos preparados,Barreado,71.2,165.0,690.0,18.3,9.5,60.0,0.2,0.1,0.8,15.0,21.0,0.05,169.0,2.4,48.0,295.0,0.17,4.8,0.0,0.0,0.0,0.03,0.04,0.0,2.09,0.0,-0.229278222755617,0.6185746875656657,4,Outros
529,Alimentos preparados,"Bife à cavalo, com contra filé",54.2,291.0,1219.0,23.7,21.1,257.0,0.0,0.0,1.1,26.0,19.0,0.02,216.0,2.1,83.0,272.0,0.06,3.2,37.0,0.0,0.0,0.05,0.1,0.0,2.92,0.0,0.6473169898501235,0.2653323469133475,4,Outros
530,Alimentos preparados,Bolinho de arroz,41.5,274.0,1144.0,8.0,8.3,70.0,41.7,2.7,0.5,24.0,13.0,0.42,87.0,2.1,59.0,96.0,0.13,0.9,0.0,0.0,0.0,0.08,0.05,0.0,0.0,0.0,-0.2832228715690046,-0.2765597090045067,1,Almoço|Jantar
531,Alimentos preparados,Camarão à baiana,82.0,101.0,422.0,7.9,6.0,117.0,3.2,0.4,0.9,43.0,15.0,0.11,244.0,1.4,85.0,139.0,0.07,0.5,0.0,0.0,0.0,0.0,0.0,0.0,0.31,4.1,-1.133301779055757,1.093172582701408,0,Outros
532,Alimentos preparados,"Charuto, de repolho",81.5,78.0,327.0,6.8,1.1,21.0,10.1,1.5,0.4,23.0,13.0,0.22,68.0,0.9,12.0,184.0,1.45,1.8,0.0,0.0,0.0,0.03,0.0,0.0,0.32,4.8,-0.8241583753932596,1.5348889690149616,0,Outros
533,Alimentos preparados,"Cuscuz, de milho, cozido com sal",71.1,113.0,475.0,2.2,0.7,0.0,25.3,2.1,0.7,2.0,3.0,0.02,23.0,0.2,248.0,11.0,0.0,0.2,0.0,0.0,0.0,0.0,0.0,0.06,0.0,0.0,-1.7253652121254976,0.7882738603317003,0,Outros
534,Alimentos preparados,"Cuscuz, paulista",68.9,142.0,595.0,2.6,4.6,15.0,22.5,2.4,1.3,14.0,5.0,0.06,26.0,0.3,236.0,53.0,0.05,0.2,0.0,0.0,0.0,0.0,0.0,0.0,0.93,0.0,-1.499267678555657,0.6714792243953143,0,Outros
535,Alimentos preparados,"Cuxá, molho",81.0,80.0,335.0,5.6,3.6,58.0,5.7,3.0,4.0,105.0,34.0,0.23,111.0,0.9,1344.0,124.0,0.17,0.6,0.0,33.0,16.0,0.04,0.0,0.03,1.1,10.3,-1.1565357756331789,0.949120805582193,0,Outros
536,Alimentos preparados,Dobradinha,75.3,125.0,521.0,19.8,4.4,144.0,0.0,0.0,0.3,11.0,8.0,0.11,57.0,1.0,29.0,58.0,0.06,2.7,0.0,0.0,0.0,0.0,0.0,0.0,4.27,0.0,-0.7462423497586157,1.1192669583140664,4,Outros
537,Alimentos preparados,Estrogonofe de carne,70.1,173.0,724.0,15.0,10.8,66.0,3.0,0.0,1.1,28.0,22.0,0.03,186.0,2.7,123.0,322.0,0.14,2.0,28.0,0.0,0.0,0.06,0.05,0.0,3.25,0.0,-0.3919505722649103,0.6121682787480308,4,Almoço|Jantar
538,Alimentos preparados,Estrogonofe de frango,70.9,157.0,656.0,17.6,8.0,80.0,2.6,0.0,1.0,26.0,25.0,0.03,195.0,1.5,99.0,307.0,0.12,0.6,28.0,0.0,0.0,0.07,0.04,0.03,3.37,0.0,-0.5654970758075174,0.7563343435071909,4,Almoço|Jantar
539,Alimentos preparados,Feijão tropeiro mineiro,61.7,152.0,634.0,10.2,6.8,68.0,19.6,3.6,1.8,41.0,36.0,0.38,199.0,2.2,365.0,349.0,0.22,1.4,9.0,0.0,0.0,0.0,0.0,0.0,1.44,0.0,-0.4106022035062539,0.3066192204008134,0,Almoço|Jantar
540,Alimentos preparados,Feijoada,71.8,117.0,489.0,8.7,6.5,22.0,11.6,5.1,1.4,32.0,32.0,0.24,105.0,1.3,278.0,303.0,0.15,0.8,0.0,0.0,0.0,0.08,0.03,0.0,0.93,0.0,-0.9266764520232148,0.5650832195556462,0,Outros
541,Alimentos preparados,"Frango, com açafrão",79.5,113.0,472.0,9.7,6.2,50.0,4.1,0.2,0.5,13.0,16.0,0.09,167.0,0.8,29.0,256.0,0.02,0.5,8.0,0.0,0.0,0.03,0.0,0.0,1.64,5.3,-1.2556947898838753,0.966576288277733,0,Almoço|Jantar
542,Alimentos preparados,"Macarrão, molho bolognesa",71.4,120.0,500.0,4.9,0.9,7.0,22.5,0.8,0.2,11.0,10.0,0.22,54.0,1.4,9.0,84.0,0.09,0.8,0.0,0.0,0.0,0.04,0.0,0.0,1.44,0.0,-1.36946468147191,0.7572483460409183,0,Café da Manhã|Almoço|Jantar
543,Alimentos preparados,Maniçoba,76.4,134.0,562.0,10.0,8.7,43.0,3.4,2.2,1.5,66.0,24.0,0.6,55.0,3.2,407.0,148.0,0.16,2.0,0.0,222.0,111.0,0.04,0.07,0.05,2.58,0.0,-0.5337839335215488,0.8142207875230393,0,Outros
544,Alimentos preparados,Quibebe,81.1,86.0,361.0,8.6,2.7,0.0,6.6,1.7,1.0,8.0,10.0,0.05,43.0,0.8,247.0,153.0,0.61,1.6,0.0,105.0,52.0,0.0,0.03,0.04,0.0,0.0,-1.21451683659604,1.3250367569844803,0,Outros
545,Alimentos preparados,"Salada, de legumes, com maionese",82.0,96.0,402.0,1.1,7.0,7.0,8.9,2.2,0.9,12.0,9.0,0.1,22.0,0.2,228.0,141.0,0.04,0.2,0.0,283.0,141.0,0.04,0.0,0.04,0.0,0.0,-1.6397992980364755,1.1790398742453905,0,Almoço|Jantar
546,Alimentos preparados,"Salada, de legumes, cozida no vapor",90.0,35.0,148.0,2.0,0.3,0.0,7.1,2.5,0.6,33.0,19.0,0.24,45.0,0.4,3.0,244.0,0.17,0.3,0.0,510.0,255.0,0.05,0.03,0.03,0.0,29.4,-1.5473657525344906,1.6732878717728452,0,Almoço|Jantar
547,Alimentos preparados,"Salpicão, de frango",72.5,148.0,619.0,13.9,7.8,53.0,4.6,0.4,1.1,9.0,13.0,0.03,103.0,0.3,248.0,149.0,0.08,0.4,0.0,15.0,7.0,0.05,0.0,0.0,1.48,9.3,-1.1451017972291466,0.8551621359476427,0,Almoço|Jantar
548,Alimentos preparados,Sarapatel,75.0,123.0,515.0,18.5,4.4,315.0,1.1,0.0,1.1,12.0,13.0,0.1,164.0,7.2,216.0,199.0,1.48,1.8,1464.0,0.0,0.0,0.0,0.11,0.0,3.84,0.0,1.1524774260966355,2.398447549868075,4,Outros
549,Alimentos preparados,Tabule,85.8,57.0,240.0,2.0,1.2,0.0,10.6,2.1,0.4,19.0,18.0,0.37,35.0,0.6,1.0,188.0,0.12,0.6,0.0,0.0,0.0,0.03,0.0,0.0,0.6,16.2,-1.744855290766174,1.130833930955477,0,Outros
550,Alimentos preparados,Tacacá,85.2,47.0,196.0,7.0,0.4,71.0,3.4,0.2,4.1,45.0,30.0,0.12,89.0,0.9,1349.0,240.0,0.22,0.8,0.0,35.0,18.0,0.05,0.0,0.0,0.0,0.0,-1.4520376179953072,1.3531210634481252,0,Outros
551,Alimentos preparados,"Tapioca, com manteiga",24.9,348.0,1455.0,0.1,10.9,31.0,63.6,0.0,0.5,30.0,3.0,0.06,8.0,0.2,158.0,19.0,0.01,0.0,75.0,0.0,0.0,0.0,0.0,0.0,0.0,0.0,-0.6260115364612685,-0.6741976271613553,1,Outros
552,Alimentos preparados,"Tucupi, com pimenta-de-cheiro",91.9,27.0,114.0,2.1,0.3,0.0,4.7,0.2,1.0,28.0,42.0,0.52,31.0,1.1,5.0,391.0,0.12,0.9,0.0,51.0,25.0,0.0,0.0,0.05,0.0,46.4,-1.7539637535679735,1.290915489199935,0,Outros
553,Alimentos preparados,Vaca atolada,75.0,145.0,606.0,5.1,9.3,19.0,10.1,2.3,0.5,63.0,16.0,0.04,72.0,0.7,26.0,220.0,0.12,1.2,0.0,0.0,0.0,0.0,0.0,0.0,0.77,0.0,-1.196799687911224,0.6650072452397756,0,Outros
554,Alimentos preparados,Vatapá,58.4,255.0,1066.0,6.0,23.2,44.0,9.7,1.7,2.7,47.0,39.0,0.48,108.0,1.4,880.0,209.0,0.28,0.9,0.0,0.0,0.0,0.0,0.0,0.0,1.8,0.0,-0.3476480162291596,-0.077025740380746,0,Outros
555,Alimentos preparados,Virado à paulista,48.6,307.0,1284.0,10.2,25.6,66.0,14.1,2.2,1.5,41.0,22.0,0.15,135.0,1.1,346.0,237.0,0.07,1.0,10.0,0.0,0.0,0.14,0.05,0.0,2.6,0.0,-0.0332286522840844,-0.3388312902852234,4,Outros
556,Alimentos preparados,Yakisoba,69.4,113.0,472.0,7.5,2.6,0.0,18.3,1.1,2.2,14.0,13.0,0.15,83.0,0.6,794.0,159.0,0.06,0.7,0.0,62.0,31.0,0.16,0.0,0.0,2.09,0.0,-1.2393616258560505,0.750497275893624,0,Outros
558,Leguminosas e derivados,"Amendoim, torrado, salgado",1.7,606.0,2535.0,22.5,54.0,0.0,18.7,7.8,3.2,39.0,159.0,1.7,261.0,1.3,376.0,496.0,0.68,2.1,0.0,0.0,0.0,0.08,0.0,0.21,7.47,0.0,3.186301439077134,-3.20566173371532,1,Almoço|Jantar
559,Leguminosas e derivados,"Ervilha, em vagem",76.8,88.0,367.0,7.5,0.5,0.0,14.2,9.7,1.0,24.0,42.0,0.4,152.0,1.4,0.0,311.0,0.2,1.2,0.0,0.0,0.0,0.27,0.07,0.06,1.16,12.4,-0.6643050981112645,0.4590996194485958,0,Almoço|Jantar
560,Leguminosas e derivados,"Ervilha, enlatada, drenada",80.1,74.0,309.0,4.6,0.4,0.0,13.4,5.1,1.4,22.0,23.0,0.46,79.0,1.4,372.0,147.0,0.14,0.9,0.0,9.0,5.0,0.07,0.03,0.0,0.0,0.0,-1.330325272157736,0.8401031817085339,0,Almoço|Jantar
561,Leguminosas e derivados,"Feijão, carioca, cozido",80.4,76.0,320.0,4.8,0.5,0.0,13.6,8.5,0.7,27.0,42.0,0.28,87.0,1.3,2.0,255.0,0.19,0.7,0.0,0.0,0.0,0.04,0.0,0.0,0.0,0.0,-1.1991010532882975,0.657828314786897,0,Almoço|Jantar
563,Leguminosas e derivados,"Feijão, fradinho, cozido",80.0,78.0,326.0,5.1,0.6,0.0,13.5,7.5,0.8,17.0,38.0,0.53,85.0,1.1,1.0,253.0,0.1,1.1,0.0,0.0,0.0,0.12,0.0,0.0,0.0,0.0,-1.1907451186964657,0.6124667425584289,0,Almoço|Jantar
565,Leguminosas e derivados,"Feijão, jalo, cozido",75.8,93.0,388.0,6.1,0.5,0.0,16.5,13.9,1.0,29.0,44.0,0.32,121.0,1.9,1.0,348.0,0.24,1.0,0.0,0.0,0.0,0.13,0.0,0.04,0.0,0.0,-0.7634508739588542,0.282213913420004,0,Almoço|Jantar
567,Leguminosas e derivados,"Feijão, preto, cozido",80.2,77.0,322.0,4.5,0.5,0.0,14.0,8.4,0.8,29.0,40.0,0.37,88.0,1.5,2.0,256.0,0.2,0.7,0.0,0.0,0.0,0.06,0.0,0.03,0.0,0.0,-1.166874474421982,0.6327214247298408,0,Almoço|Jantar
569,Leguminosas e derivados,"Feijão, rajado, cozido",77.9,85.0,354.0,5.5,0.4,0.0,15.3,9.3,0.9,29.0,42.0,0.29,113.0,1.4,1.0,315.0,0.23,0.9,0.0,0.0,0.0,0.09,0.0,0.04,0.0,0.0,-1.0071857618399758,0.5312165856620957,0,Almoço|Jantar
571,Leguminosas e derivados,"Feijão, rosinha, cozido",82.6,68.0,284.0,4.5,0.5,0.0,11.8,4.8,0.6,19.0,43.0,0.46,90.0,1.2,2.0,241.0,0.09,1.3,0.0,0.0,0.0,0.0,0.0,0.0,3.69,0.0,-1.144004472428395,0.7716762962739129,0,Almoço|Jantar
573,Leguminosas e derivados,"Feijão, roxo, cozido",80.0,77.0,322.0,5.7,0.5,0.0,12.9,11.5,0.8,23.0,34.0,0.32,106.0,1.4,1.0,268.0,0.22,1.0,0.0,0.0,0.0,0.15,0.0,0.03,0.0,0.0,-1.019106054997582,0.5433511922672518,0,Almoço|Jantar
577,Leguminosas e derivados,"Lentilha, cozida",76.3,93.0,388.0,6.3,0.5,0.0,16.3,7.9,0.6,16.0,22.0,0.29,104.0,1.5,1.0,220.0,0.17,1.1,0.0,0.0,0.0,0.03,0.0,0.0,0.0,0.0,-1.1575773364541644,0.6295652585583134,0,Almoço|Jantar
579,Leguminosas e derivados,"Paçoca, amendoim",1.8,487.0,2037.0,16.0,26.1,0.0,52.4,7.3,3.8,22.0,101.0,1.06,198.0,1.1,167.0,348.0,0.38,1.6,0.0,0.0,0.0,0.0,0.0,1.2,0.0,0.0,1.9698623609123944,-2.73948417145552,1,Almoço|Jantar
580,Leguminosas e derivados,"Pé-de-moleque, amendoim",2.9,503.0,2105.0,13.2,28.0,0.0,54.7,3.4,1.1,27.0,108.0,1.09,171.0,1.3,16.0,355.0,0.43,1.4,0.0,0.0,0.0,0.04,0.03,0.11,5.94,0.0,1.8716691373159675,-2.3430947420829824,1,Almoço|Jantar
581,Leguminosas e derivados,"Soja, farinha",5.8,404.0,1690.0,36.0,14.6,0.0,38.4,20.2,5.1,206.0,242.0,2.87,539.0,13.1,6.0,1922.0,1.29,4.5,0.0,0.0,0.0,0.2,0.04,0.03,0.0,0.0,4.822220714408512,-3.504707527236405,1,Almoço|Jantar
582,Leguminosas e derivados,"Soja, extrato solúvel, natural, fluido",91.3,39.0,164.0,2.4,1.6,0.0,4.3,0.4,0.5,17.0,15.0,0.15,53.0,0.4,57.0,121.0,0.08,0.3,0.0,0.0,0.0,0.0,0.0,0.0,0.0,0.0,-1.9988618042926007,1.3809112361329674,0,Almoço|Jantar
583,Leguminosas e derivados,"Soja, extrato solúvel, pó",4.5,459.0,1920.0,35.7,26.2,0.0,28.5,7.3,5.2,359.0,216.0,2.68,647.0,7.0,83.0,1607.0,1.19,5.8,0.0,0.0,0.0,0.0,0.11,0.35,0.0,9.2,4.760080598201814,-3.2198893606902947,1,Almoço|Jantar
584,Leguminosas e derivados,"Soja, queijo (tofu)",86.6,64.0,270.0,6.6,4.0,0.0,2.1,0.8,0.7,81.0,38.0,0.33,130.0,1.4,1.0,182.0,0.18,0.9,0.0,0.0,0.0,0.04,0.0,0.03,0.0,0.0,-1.3394729918277706,1.0049490121784197,0,Café da Manhã|Almoço|Jantar
586,Leguminosas e derivados,"Tremoço, em conserva",67.7,121.0,505.0,11.1,3.8,0.0,12.4,14.4,5.0,16.0,4.0,0.0,40.0,0.3,1809.0,5.0,0.27,0.6,0.0,0.0,0.0,0.0,0.0,0.0,0.0,0.0,-1.0662107154298963,0.4612033966958569,0,Almoço|Jantar
587,Nozes e sementes,"Amêndoa, torrada, salgada",3.1,581.0,2430.0,18.6,47.3,0.0,29.5,11.6,1.5,237.0,222.0,1.95,493.0,3.1,279.0,640.0,0.93,2.6,0.0,0.0,0.0,0.29,0.16,0.0,0.0,0.0,4.078276381781754,-3.60466761526326,1,Merenda
588,Nozes e sementes,"Castanha-de-caju, torrada, salgada",3.5,570.0,2386.0,18.5,46.3,0.0,29.1,3.7,2.6,33.0,237.0,1.59,594.0,5.2,125.0,671.0,1.92,4.7,0.0,0.0,0.0,0.29,0.05,0.39,0.0,0.0,4.557669510432497,-3.2062875736152727,1,Merenda
593,Nozes e sementes,"Gergelim, semente",3.9,584.0,2442.0,21.2,50.4,0.0,21.6,11.9,2.9,825.0,361.0,2.67,741.0,5.4,3.0,546.0,1.51,5.2,0.0,0.0,0.0,0.94,0.0,0.13,5.92,0.0,6.7536399423070295,-5.00815345750785,1,Merenda
594,Nozes e sementes,"Linhaça, semente",6.7,495.0,2072.0,14.1,32.3,0.0,43.3,33.5,3.7,211.0,347.0,2.81,615.0,4.7,9.0,869.0,1.09,4.4,0.0,0.0,0.0,0.12,0.0,0.13,0.0,0.0,5.260366525515583,-4.832500333619275,1,Merenda
595,Nozes e sementes,"Pinhão, cozido",50.5,174.0,730.0,3.0,0.7,0.0,43.9,15.6,1.8,16.0,53.0,0.41,166.0,0.8,1.0,727.0,0.18,0.8,0.0,0.0,0.0,0.0,0.0,0.0,0.0,27.7,-0.3264002299312818,-0.5070043716358351,0,Merenda
596,Nozes e sementes,"Pupunha, cozida",54.5,219.0,914.0,2.5,12.8,0.0,29.6,4.3,0.7,28.0,25.0,0.13,49.0,0.5,1.0,303.0,0.28,0.3,0.0,875.0,438.0,0.0,0.09,0.03,0.0,2.2,-0.2614064924875017,0.6829143345023128,0,Merenda
